# Generated by Pepakura Designer

v 0.306100 1.174600 -0.018900
v 0.305200 1.188500 -0.022100
v 0.306800 1.189100 -0.019200
v 0.231200 1.721300 0.000000
v 0.234600 1.703500 0.000000
v 0.233400 1.721300 0.006600
v 0.236200 1.703500 0.004800
v 0.240300 1.703600 0.007800
v 0.239000 1.721400 0.010700
v 0.245400 1.703700 0.007800
v 0.245900 1.721600 0.010700
v 0.249500 1.703800 0.004800
v 0.251600 1.721700 0.006600
v 0.251100 1.703900 0.000000
v 0.253700 1.721800 0.000000
v 0.251600 1.721700 -0.006600
v 0.249500 1.703800 -0.004800
v 0.245400 1.703700 -0.007800
v 0.245900 1.721600 -0.010700
v 0.240300 1.703600 -0.007800
v 0.239000 1.721400 -0.010700
v 0.236200 1.703500 -0.004800
v 0.233400 1.721300 -0.006600
v 0.234000 1.752100 0.016400
v 0.225800 1.839500 0.027200
v 0.231300 1.752100 0.014800
v 0.223100 1.839500 0.025600
v 0.228100 1.840200 0.023200
v 0.236300 1.752800 0.012400
v 0.233600 1.752800 0.010800
v 0.225400 1.840200 0.021600
v 0.255300 1.753300 0.001500
v 0.259900 1.752800 0.001500
v 0.265700 1.841100 0.001500
v 0.270400 1.840600 0.001500
v 0.270400 1.840500 -0.001700
v 0.259900 1.752700 -0.001600
v 0.265800 1.841100 -0.001700
v 0.255300 1.753200 -0.001700
v 0.223100 1.839500 -0.025600
v 0.225800 1.839500 -0.027200
v 0.231300 1.752100 -0.014800
v 0.234000 1.752100 -0.016400
v 0.236300 1.752800 -0.012400
v 0.228100 1.840200 -0.023200
v 0.225400 1.840200 -0.021600
v 0.233600 1.752800 -0.010800
v 0.249000 1.721200 0.020000
v 0.235900 1.721000 0.020000
v 0.259600 1.721400 0.012300
v 0.225400 1.720800 0.012300
v 0.263600 1.721500 -0.000000
v 0.221300 1.720700 -0.000000
v 0.259600 1.721400 -0.012300
v 0.225400 1.720800 -0.012300
v 0.249000 1.721200 -0.020000
v 0.235900 1.721000 -0.020000
v 0.214500 1.167600 -0.000000
v 0.277700 1.178300 -0.000000
v 0.216000 1.168400 0.019200
v 0.276200 1.178600 0.018300
v 0.262200 1.175600 0.040700
v 0.230100 1.171300 0.040800
v 0.260000 1.177400 0.055100
v 0.229400 1.171700 0.060000
v 0.240300 1.173500 0.063700
v 0.252400 1.176000 0.060900
v 0.186800 1.552300 0.000000
v 0.192600 1.541100 0.025600
v 0.186700 1.562700 -0.000000
v 0.197700 1.562900 0.034100
v 0.211500 1.506900 0.047700
v 0.227400 1.563400 0.056500
v 0.230700 1.474200 0.057700
v 0.264800 1.564000 0.056400
v 0.266200 1.472000 0.056800
v 0.295600 1.472300 0.035300
v 0.294300 1.564600 0.035100
v 0.301500 1.476600 0.025300
v 0.301900 1.472600 0.025600
v 0.302800 1.477100 -0.022300
v 0.301500 1.476600 -0.025300
v 0.302000 1.547000 -0.021900
v 0.294300 1.564600 -0.035100
v 0.302500 1.548400 -0.020500
v 0.305600 1.564700 0.000000
v 0.306000 1.547900 0.000000
v 0.302500 1.548400 0.020500
v 0.302000 1.547000 0.021900
v 0.302800 1.477100 0.022300
v 0.301900 1.472600 -0.025600
v 0.295600 1.472300 -0.035300
v 0.264800 1.564000 -0.056400
v 0.266200 1.472000 -0.056800
v 0.230700 1.474200 -0.057700
v 0.227400 1.563400 -0.056500
v 0.211500 1.506900 -0.047700
v 0.197700 1.562900 -0.034100
v 0.192600 1.541100 -0.025600
v 0.204800 1.627800 0.000000
v 0.212400 1.627900 -0.023200
v 0.207900 1.625800 0.000000
v 0.215000 1.625900 -0.021400
v 0.232300 1.628300 -0.037700
v 0.233300 1.626200 -0.034800
v 0.256900 1.628700 -0.037700
v 0.256000 1.626600 -0.034800
v 0.276800 1.629100 -0.023200
v 0.274300 1.627000 -0.021400
v 0.281400 1.627100 0.000000
v 0.284400 1.629200 0.000000
v 0.276800 1.629100 0.023200
v 0.274300 1.627000 0.021400
v 0.256000 1.626600 0.034800
v 0.256900 1.628700 0.037700
v 0.233300 1.626200 0.034800
v 0.232300 1.628300 0.037700
v 0.215000 1.625900 0.021400
v 0.212400 1.627900 0.023200
v 0.223100 1.612600 0.000000
v 0.227200 1.612700 -0.012700
v 0.222200 1.596500 0.000000
v 0.226600 1.596600 -0.013500
v 0.238200 1.612900 -0.020800
v 0.238200 1.596800 -0.021900
v 0.251700 1.613100 -0.020800
v 0.252500 1.597000 -0.021900
v 0.262700 1.613300 -0.012700
v 0.264000 1.597200 -0.013500
v 0.266900 1.613400 0.000000
v 0.268500 1.597300 0.000000
v 0.264000 1.597200 0.013500
v 0.262700 1.613300 0.012700
v 0.252500 1.597000 0.021900
v 0.251700 1.613100 0.020800
v 0.238200 1.596800 0.021900
v 0.238200 1.612900 0.020800
v 0.226600 1.596600 0.013500
v 0.227200 1.612700 0.012700
v 0.219400 1.714300 0.000000
v 0.223800 1.714400 0.013500
v 0.222200 1.718300 0.000000
v 0.226000 1.718400 0.011900
v 0.236200 1.718600 0.019300
v 0.235400 1.714600 0.022000
v 0.248800 1.718800 0.019300
v 0.249800 1.714900 0.022000
v 0.259000 1.719000 0.011900
v 0.261400 1.715100 0.013500
v 0.262900 1.719000 0.000000
v 0.265900 1.715200 0.000000
v 0.261400 1.715100 -0.013500
v 0.259000 1.719000 -0.011900
v 0.249800 1.714900 -0.022000
v 0.248800 1.718800 -0.019300
v 0.235400 1.714600 -0.022000
v 0.236200 1.718600 -0.019300
v 0.223800 1.714400 -0.013500
v 0.226000 1.718400 -0.011900
v 0.215900 1.212800 0.197500
v 0.207800 1.197800 0.191400
v 0.223100 1.204700 0.200800
v 0.224300 1.151800 0.201100
v 0.232600 1.201100 0.202900
v 0.249500 1.152300 0.201100
v 0.248600 1.205400 0.201000
v 0.257000 1.216600 0.197300
v 0.268700 1.197500 0.186500
v 0.270000 1.152600 0.186200
v 0.271700 1.188600 0.182000
v 0.274600 1.182600 0.176500
v 0.277800 1.152700 0.162200
v 0.277800 1.178400 0.162200
v 0.271300 1.167500 0.137000
v 0.270000 1.152600 0.138200
v 0.249500 1.152300 0.123400
v 0.255700 1.178700 0.124900
v 0.244800 1.157000 0.121900
v 0.244500 1.182500 0.122600
v 0.236600 1.162900 0.121200
v 0.240300 1.155800 0.121300
v 0.224100 1.160400 0.122900
v 0.224300 1.151800 0.123400
v 0.203600 1.154900 0.138000
v 0.203900 1.151500 0.138200
v 0.195600 1.153000 0.162100
v 0.196100 1.151300 0.162200
v 0.200900 1.154500 0.182900
v 0.203900 1.151500 0.186200
v 0.204900 1.175900 0.188200
v 0.198000 1.489700 0.138200
v 0.218400 1.490000 0.123400
v 0.198000 1.476700 0.138300
v 0.218600 1.469600 0.123500
v 0.243600 1.490500 0.123400
v 0.243900 1.463200 0.123500
v 0.264000 1.490800 0.138200
v 0.264800 1.442600 0.138300
v 0.271800 1.490900 0.162200
v 0.272800 1.430500 0.162200
v 0.264000 1.490800 0.186200
v 0.265100 1.428800 0.186200
v 0.244500 1.436200 0.201000
v 0.243600 1.490500 0.201100
v 0.219100 1.444300 0.201000
v 0.218400 1.490000 0.201100
v 0.198600 1.451300 0.186200
v 0.198000 1.489700 0.186200
v 0.190500 1.465100 0.162200
v 0.190200 1.489500 0.162200
v 0.300100 1.462800 -0.025700
v 0.300500 1.443900 -0.025300
v 0.291700 1.462700 -0.041800
v 0.292200 1.435400 -0.041800
v 0.279200 1.436500 -0.054200
v 0.278900 1.462800 -0.054200
v 0.270800 1.438500 -0.059700
v 0.270200 1.462400 -0.060100
v 0.267400 1.438200 -0.062000
v 0.270600 1.267800 -0.062300
v 0.281400 1.261400 -0.054800
v 0.295400 1.234100 -0.041800
v 0.300200 1.433600 -0.026000
v 0.301600 1.443200 -0.022200
v 0.301600 1.433200 -0.022200
v 0.304600 1.220100 -0.022100
v 0.295800 1.210100 -0.041800
v 0.296400 1.174100 -0.041800
v 0.303200 1.165700 -0.018400
v 0.305700 1.165800 0.000000
v 0.300800 1.164400 0.000000
v 0.298300 1.164400 -0.018400
v 0.294000 1.165200 -0.040600
v 0.289600 1.163800 -0.039200
v 0.280800 1.164400 -0.053600
v 0.277300 1.163100 -0.050200
v 0.262000 1.162300 -0.061000
v 0.259200 1.163300 -0.068000
v 0.254300 1.162800 -0.066300
v 0.259000 1.186700 -0.070300
v 0.263500 1.188600 -0.067200
v 0.259200 1.172800 -0.069900
v 0.282400 1.173600 -0.055100
v 0.198000 1.489700 -0.138200
v 0.190200 1.489500 -0.162200
v 0.198000 1.476700 -0.138300
v 0.190500 1.465100 -0.162200
v 0.198000 1.489700 -0.186200
v 0.198600 1.451300 -0.186200
v 0.218400 1.490000 -0.201100
v 0.219100 1.444300 -0.201000
v 0.243600 1.490500 -0.201100
v 0.244500 1.436200 -0.201000
v 0.264000 1.490800 -0.186200
v 0.265100 1.428800 -0.186200
v 0.272800 1.430500 -0.162200
v 0.271800 1.490900 -0.162200
v 0.264800 1.442600 -0.138300
v 0.264000 1.490800 -0.138200
v 0.243900 1.463200 -0.123500
v 0.243600 1.490500 -0.123400
v 0.218600 1.469600 -0.123500
v 0.218400 1.490000 -0.123400
v 0.308200 1.192200 0.000000
v 0.308700 1.174600 0.000000
v 0.318200 1.218400 -0.020600
v 0.318700 1.219400 0.000000
v 0.316400 1.400000 -0.020600
v 0.316500 1.400000 0.000000
v 0.319500 1.433500 -0.020500
v 0.319600 1.433500 0.000000
v 0.321100 1.477900 0.000000
v 0.320900 1.477900 -0.020600
v 0.314000 1.543900 -0.020600
v 0.314100 1.543900 0.000000
v 0.320900 1.477900 0.020600
v 0.314000 1.543900 0.020600
v 0.312800 1.545600 0.000000
v 0.312800 1.545500 0.020600
v 0.312800 1.544100 0.021900
v 0.319600 1.477900 0.022100
v 0.319500 1.433500 0.020500
v 0.316400 1.400000 0.020600
v 0.318200 1.218400 0.020600
v 0.306800 1.189100 0.019200
v 0.316800 1.218900 0.022100
v 0.305200 1.188500 0.022100
v 0.304600 1.220100 0.022100
v 0.315000 1.399900 0.022100
v 0.301600 1.433200 0.022200
v 0.318000 1.433500 0.022200
v 0.315100 1.445700 0.022200
v 0.301600 1.443200 0.022200
v 0.313400 1.475400 0.025700
v 0.314000 1.476000 0.022100
v 0.259200 1.163300 0.068000
v 0.256100 1.161500 0.079500
v 0.254300 1.162800 0.066300
v 0.251300 1.160900 0.079400
v 0.250200 1.158300 0.109200
v 0.245300 1.157400 0.108700
v 0.259200 1.172800 0.069900
v 0.259000 1.186700 0.070300
v 0.253400 1.188000 0.092400
v 0.248200 1.185400 0.114500
v 0.185400 1.445800 0.193700
v 0.231600 1.436900 0.217200
v 0.174000 1.324100 0.189300
v 0.172300 1.447000 0.189000
v 0.230800 1.159600 0.060700
v 0.238900 1.161700 0.064700
v 0.252700 1.165000 0.063200
v 0.262400 1.163500 0.058400
v 0.309700 1.472800 0.025900
v 0.300200 1.472600 0.044600
v 0.287700 1.472500 0.058800
v 0.273900 1.472000 0.068700
v 0.227500 1.473600 0.079800
v 0.268700 1.472300 0.090800
v 0.256500 1.471700 0.097000
v 0.243800 1.471100 0.108900
v 0.254600 1.471500 0.106000
v 0.261800 1.217000 0.078300
v 0.269000 1.222300 0.073700
v 0.261200 1.234200 0.082700
v 0.268900 1.235600 0.077900
v 0.260000 1.267600 0.086600
v 0.268400 1.267800 0.081900
v 0.255800 1.435500 0.090800
v 0.265400 1.438200 0.085200
v 0.267400 1.438200 0.062000
v 0.270600 1.267800 0.062300
v 0.271200 1.235600 0.062400
v 0.270900 1.220800 0.062600
v 0.263400 1.215000 0.066500
v 0.259200 1.190000 0.090000
v 0.253000 1.196400 0.095800
v 0.259300 1.197600 0.093100
v 0.251100 1.252600 0.101800
v 0.258300 1.252700 0.098800
v 0.254500 1.438000 0.102200
v 0.245400 1.437900 0.105200
v 0.198600 1.154400 0.202900
v 0.202200 1.198100 0.204100
v 0.213600 1.219300 0.209800
v 0.300100 1.462800 0.025700
v 0.300500 1.443900 0.025300
v 0.309700 1.463200 0.025300
v 0.314100 1.446300 0.025700
v 0.276900 1.436400 0.133000
v 0.253400 1.455900 0.120100
v 0.242800 1.470500 0.114400
v 0.239600 1.466600 0.122800
v 0.218600 1.470300 0.112600
v 0.281400 1.419800 0.179100
v 0.278800 1.419600 0.185000
v 0.258400 1.427300 0.200900
v 0.238100 1.434900 0.216700
v 0.270800 1.438500 0.059700
v 0.279200 1.436500 0.054200
v 0.278900 1.462800 0.054200
v 0.270200 1.462400 0.060100
v 0.264900 1.162800 0.041700
v 0.277300 1.163100 0.050200
v 0.289600 1.163800 0.039200
v 0.279500 1.163400 0.017900
v 0.298300 1.164400 0.018400
v 0.281300 1.163500 0.000000
v 0.170000 1.560200 -0.000000
v 0.170100 1.557700 0.018500
v 0.181300 1.560300 -0.000000
v 0.181300 1.557800 0.018500
v 0.181400 1.551100 0.047800
v 0.170200 1.550900 0.047700
v 0.223800 1.241500 0.214200
v 0.236700 1.245100 0.204200
v 0.231600 1.246400 0.217100
v 0.238900 1.247200 0.217400
v 0.247600 1.245500 0.214100
v 0.244700 1.242300 0.201600
v 0.256200 1.237000 0.207700
v 0.254500 1.235200 0.204500
v 0.262400 1.218700 0.203000
v 0.247300 1.164600 0.079000
v 0.239600 1.163400 0.110900
v 0.171900 1.472700 0.170500
v 0.171400 1.503300 0.139600
v 0.169400 1.249600 0.137600
v 0.170900 1.523300 0.112400
v 0.170400 1.540200 0.077500
v 0.177800 1.247300 0.028800
v 0.179800 1.245700 -0.000000
v 0.229700 1.159100 0.040000
v 0.215800 1.155100 0.018800
v 0.215000 1.154700 0.000000
v 0.197300 1.143800 0.000000
v 0.196200 1.144600 0.025200
v 0.187300 1.143300 -0.000000
v 0.186400 1.144200 0.025000
v 0.191100 1.143800 0.041900
v 0.180900 1.143300 0.041900
v 0.175600 1.143800 0.136100
v 0.165700 1.142800 0.136100
v 0.166900 1.144200 0.179300
v 0.158600 1.144600 0.188600
v 0.197700 1.149900 0.034900
v 0.198700 1.149400 0.000000
v 0.263500 1.188600 0.067200
v 0.281900 1.168500 -0.133700
v 0.285200 1.182900 -0.177700
v 0.279300 1.308000 -0.133400
v 0.283100 1.308100 -0.178400
v 0.281400 1.419800 -0.179100
v 0.276900 1.436400 -0.133000
v 0.282400 1.173600 0.055100
v 0.281900 1.215500 0.055100
v 0.281400 1.261400 0.054800
v 0.292200 1.435400 0.041800
v 0.291700 1.462700 0.041800
v 0.219400 1.156200 0.261300
v 0.226600 1.156900 0.246100
v 0.226500 1.156800 0.277100
v 0.242000 1.158300 0.284300
v 0.242100 1.158400 0.238900
v 0.257500 1.159800 0.277100
v 0.257500 1.159900 0.246100
v 0.264700 1.160600 0.261300
v 0.245400 1.438000 0.107300
v 0.245900 1.307200 0.114200
v 0.229000 1.242400 0.216800
v 0.241500 1.242700 0.216800
v 0.251800 1.235600 0.216800
v 0.256000 1.223800 0.216800
v 0.252400 1.211700 0.216800
v 0.242400 1.204100 0.216800
v 0.229800 1.203800 0.216800
v 0.219500 1.211000 0.216800
v 0.215400 1.222800 0.216800
v 0.215100 1.230500 0.210700
v 0.219000 1.234800 0.216800
v 0.248100 1.109700 0.223200
v 0.228500 1.107800 0.228500
v 0.238300 1.196200 0.243400
v 0.229000 1.195200 0.246000
v 0.214200 1.106400 0.242800
v 0.222100 1.194600 0.252800
v 0.219600 1.194300 0.261500
v 0.208900 1.105800 0.261400
v 0.222100 1.194500 0.271500
v 0.214100 1.106200 0.281900
v 0.228900 1.195100 0.278400
v 0.228400 1.107600 0.296300
v 0.238300 1.196000 0.280900
v 0.247900 1.109500 0.301500
v 0.247600 1.197000 0.278400
v 0.267500 1.111400 0.296300
v 0.254500 1.197700 0.271500
v 0.281800 1.112800 0.281900
v 0.287100 1.113400 0.261400
v 0.257000 1.197900 0.261500
v 0.281900 1.113000 0.242800
v 0.254500 1.197700 0.252800
v 0.267600 1.111600 0.228400
v 0.247700 1.197100 0.245900
v 0.217600 1.106600 0.261300
v 0.221600 1.107000 0.277600
v 0.232700 1.108000 0.288800
v 0.248000 1.109500 0.292900
v 0.263200 1.111000 0.288800
v 0.274300 1.112100 0.277600
v 0.278500 1.112600 0.261300
v 0.274400 1.112200 0.247100
v 0.263300 1.111200 0.235900
v 0.248100 1.109700 0.231900
v 0.232800 1.108200 0.236000
v 0.221700 1.107100 0.247100
v 0.244700 1.462300 0.108100
v 0.244200 1.462500 0.109000
v 0.243600 1.439100 0.114200
v 0.268400 1.438400 0.089300
v 0.268100 1.463200 0.089500
v 0.256800 1.438200 0.095500
v 0.256400 1.462900 0.095700
v 0.254600 1.462600 0.105000
v 0.254900 1.438200 0.104800
v 0.255000 1.462900 0.106200
v 0.269500 1.463300 0.090900
v 0.274400 1.462500 0.068600
v 0.288200 1.463000 0.059000
v 0.300700 1.463100 0.044800
v 0.306100 1.174600 0.018900
v 0.303200 1.165700 0.018400
v 0.294000 1.165200 0.040600
v 0.280800 1.164400 0.053600
v 0.262000 1.162300 0.061000
v 0.296400 1.174100 0.041800
v 0.166200 1.249100 0.189000
v 0.233300 1.325100 0.217900
v 0.239700 1.325200 0.217200
v 0.260200 1.316600 0.200900
v 0.280700 1.308000 0.184500
v 0.282800 1.188100 0.183900
v 0.283100 1.308100 0.178400
v 0.285200 1.182900 0.177700
v 0.279300 1.308000 0.133400
v 0.281900 1.168500 0.133700
v 0.258500 1.181300 0.119600
v 0.256200 1.307500 0.119900
v 0.202700 1.494500 0.112300
v 0.207600 1.503600 0.079600
v 0.192300 1.526200 0.078600
v 0.193400 1.535500 0.043500
v 0.181700 1.540400 0.077600
v 0.182300 1.523500 0.112400
v 0.183000 1.503500 0.139600
v 0.183500 1.472400 0.171700
v 0.232200 1.211800 0.307900
v 0.231900 1.210800 0.292000
v 0.239600 1.212000 0.307900
v 0.240000 1.211000 0.292000
v 0.245500 1.216500 0.307900
v 0.246400 1.215900 0.292000
v 0.247600 1.223600 0.307900
v 0.248700 1.223600 0.292000
v 0.246000 1.231200 0.292000
v 0.245200 1.230500 0.307900
v 0.239400 1.235700 0.292000
v 0.239100 1.234700 0.307900
v 0.231700 1.234600 0.307900
v 0.231400 1.235500 0.292000
v 0.225800 1.230100 0.307900
v 0.225000 1.230700 0.292000
v 0.223700 1.223000 0.307900
v 0.222700 1.223000 0.292000
v 0.226200 1.216000 0.307900
v 0.225300 1.215400 0.292000
v 0.300200 1.433600 0.026000
v 0.295400 1.234100 0.041800
v 0.295800 1.210100 0.041800
v 0.250500 1.223600 0.232100
v 0.247900 1.214800 0.232100
v 0.250100 1.223600 0.224800
v 0.247500 1.215100 0.224800
v 0.240400 1.209700 0.224800
v 0.231500 1.209500 0.224800
v 0.224200 1.214600 0.224800
v 0.221300 1.223000 0.224800
v 0.223800 1.231500 0.224800
v 0.230900 1.236900 0.224800
v 0.239800 1.237100 0.224800
v 0.247100 1.232000 0.224800
v 0.151700 1.490700 0.132600
v 0.141300 1.483400 0.130700
v 0.171500 1.462300 0.135400
v 0.170900 1.436700 0.133900
v 0.157300 1.492700 0.092400
v 0.170900 1.474000 0.091000
v 0.145800 1.486800 0.090700
v 0.171300 1.447400 0.087700
v 0.256900 1.541600 -0.083600
v 0.248900 1.541400 -0.088200
v 0.256900 1.541600 -0.074400
v 0.248900 1.541400 -0.069800
v 0.241000 1.541200 -0.083600
v 0.240900 1.541200 -0.074400
v 0.249100 1.534200 -0.073000
v 0.249000 1.535200 -0.069800
v 0.243900 1.534100 -0.076000
v 0.241100 1.535000 -0.074400
v 0.241100 1.535000 -0.083600
v 0.243900 1.534100 -0.081900
v 0.249100 1.535200 -0.088200
v 0.249100 1.534200 -0.084900
v 0.254200 1.534300 -0.081900
v 0.257000 1.535400 -0.083600
v 0.257000 1.535400 -0.074400
v 0.254200 1.534300 -0.076000
v 0.250600 1.468200 -0.073000
v 0.255700 1.468300 -0.076000
v 0.255700 1.468300 -0.081900
v 0.250600 1.468200 -0.084900
v 0.245400 1.468100 -0.081900
v 0.245400 1.468100 -0.076000
v 0.248600 1.556700 0.077500
v 0.248900 1.542600 0.073800
v 0.244300 1.556600 0.080000
v 0.241400 1.542400 0.078200
v 0.249400 1.522300 0.073600
v 0.241700 1.522200 0.078100
v 0.243900 1.510600 0.079200
v 0.249600 1.510700 0.076000
v 0.243000 1.470900 0.078200
v 0.250500 1.471100 0.073800
v 0.235800 1.727900 0.020000
v 0.248900 1.728100 0.020000
v 0.225200 1.727700 0.012300
v 0.259400 1.728300 0.012300
v 0.221200 1.727600 -0.000000
v 0.263500 1.728400 -0.000000
v 0.225200 1.727700 -0.012300
v 0.259400 1.728300 -0.012300
v 0.235800 1.727900 -0.020000
v 0.248900 1.728100 -0.020000
v 0.177300 1.357200 -0.000000
v 0.175500 1.355000 -0.021800
v 0.151600 1.324100 -0.000000
v 0.151600 1.324100 -0.024000
v 0.175800 1.338100 -0.025300
v 0.162100 1.318400 -0.027500
v 0.177200 1.340200 -0.000000
v 0.162100 1.318400 -0.000000
v 0.170900 1.436700 -0.133900
v 0.171300 1.447400 -0.087700
v 0.141300 1.483400 -0.130700
v 0.145800 1.486800 -0.090700
v 0.170900 1.474000 -0.091000
v 0.157300 1.492700 -0.092400
v 0.171500 1.462300 -0.135400
v 0.151700 1.490700 -0.132600
v 0.309700 1.463200 -0.025300
v 0.300700 1.463100 -0.044800
v 0.288200 1.463000 -0.059000
v 0.274400 1.462500 -0.068600
v 0.268100 1.463200 -0.089500
v 0.269500 1.463300 -0.090900
v 0.256400 1.462900 -0.095700
v 0.255000 1.462900 -0.106200
v 0.254600 1.462600 -0.105000
v 0.244700 1.462300 -0.108100
v 0.244200 1.462500 -0.109000
v 0.243800 1.471100 -0.108900
v 0.242800 1.470500 -0.114400
v 0.243600 1.439100 -0.114200
v 0.245400 1.438000 -0.107300
v 0.262400 1.163500 -0.058400
v 0.264900 1.162800 -0.041700
v 0.260000 1.177400 -0.055100
v 0.262200 1.175600 -0.040700
v 0.276200 1.178600 -0.018300
v 0.279500 1.163400 -0.017900
v 0.282800 1.188100 -0.183900
v 0.280700 1.308000 -0.184500
v 0.262400 1.218700 -0.203000
v 0.260200 1.316600 -0.200900
v 0.256200 1.237000 -0.207700
v 0.247600 1.245500 -0.214100
v 0.238900 1.247200 -0.217400
v 0.239700 1.325200 -0.217200
v 0.233300 1.325100 -0.217900
v 0.231600 1.246400 -0.217100
v 0.174000 1.324100 -0.189300
v 0.223800 1.241500 -0.214200
v 0.166200 1.249100 -0.189000
v 0.215100 1.230500 -0.210700
v 0.213600 1.219300 -0.209800
v 0.202200 1.198100 -0.204100
v 0.158600 1.144600 -0.188600
v 0.198600 1.154400 -0.202900
v 0.240300 1.155800 -0.121300
v 0.244800 1.157000 -0.121900
v 0.245300 1.157400 -0.108700
v 0.250200 1.158300 -0.109200
v 0.251300 1.160900 -0.079400
v 0.256100 1.161500 -0.079500
v 0.248200 1.185400 -0.114500
v 0.244500 1.182500 -0.122600
v 0.258500 1.181300 -0.119600
v 0.255700 1.178700 -0.124900
v 0.271300 1.167500 -0.137000
v 0.277800 1.178400 -0.162200
v 0.274600 1.182600 -0.176500
v 0.271700 1.188600 -0.182000
v 0.268700 1.197500 -0.186500
v 0.257000 1.216600 -0.197300
v 0.245400 1.437900 -0.105200
v 0.254500 1.438000 -0.102200
v 0.251100 1.252600 -0.101800
v 0.258300 1.252700 -0.098800
v 0.260000 1.267600 -0.086600
v 0.255800 1.435500 -0.090800
v 0.252700 1.165000 -0.063200
v 0.170100 1.557700 -0.018500
v 0.177800 1.247300 -0.028800
v 0.170200 1.550900 -0.047700
v 0.170400 1.540200 -0.077500
v 0.169400 1.249600 -0.137600
v 0.170900 1.523300 -0.112400
v 0.171400 1.503300 -0.139600
v 0.171900 1.472700 -0.170500
v 0.172300 1.447000 -0.189000
v 0.196200 1.144600 -0.025200
v 0.197700 1.149900 -0.034900
v 0.215800 1.155100 -0.018800
v 0.254900 1.438200 -0.104800
v 0.256800 1.438200 -0.095500
v 0.268400 1.438400 -0.089300
v 0.253400 1.455900 -0.120100
v 0.256200 1.307500 -0.119900
v 0.256000 1.223800 -0.216800
v 0.252400 1.211700 -0.216800
v 0.250100 1.223600 -0.224800
v 0.247500 1.215100 -0.224800
v 0.250500 1.223600 -0.232100
v 0.247900 1.214800 -0.232100
v 0.240400 1.209700 -0.224800
v 0.240600 1.209300 -0.232100
v 0.231400 1.209100 -0.232100
v 0.231500 1.209500 -0.224800
v 0.223900 1.214300 -0.232100
v 0.224200 1.214600 -0.224800
v 0.220800 1.222900 -0.232100
v 0.221300 1.223000 -0.224800
v 0.223800 1.231500 -0.224800
v 0.223500 1.231700 -0.232100
v 0.230900 1.236900 -0.224800
v 0.230800 1.237300 -0.232100
v 0.239800 1.237100 -0.224800
v 0.239900 1.237500 -0.232100
v 0.247100 1.232000 -0.224800
v 0.247500 1.232300 -0.232100
v 0.265400 1.438200 -0.085200
v 0.186400 1.144200 -0.025000
v 0.180900 1.143300 -0.041900
v 0.165700 1.142800 -0.136100
v 0.247300 1.164600 -0.079000
v 0.239600 1.163400 -0.110900
v 0.236600 1.162900 -0.121200
v 0.309700 1.472800 -0.025900
v 0.300200 1.472600 -0.044600
v 0.287700 1.472500 -0.058800
v 0.273900 1.472000 -0.068700
v 0.268700 1.472300 -0.090800
v 0.256500 1.471700 -0.097000
v 0.254600 1.471500 -0.106000
v 0.224100 1.160400 -0.122900
v 0.238900 1.161700 -0.064700
v 0.230800 1.159600 -0.060700
v 0.229700 1.159100 -0.040000
v 0.231600 1.436900 -0.217200
v 0.238100 1.434900 -0.216700
v 0.258400 1.427300 -0.200900
v 0.278800 1.419600 -0.185000
v 0.229000 1.242400 -0.216800
v 0.219000 1.234800 -0.216800
v 0.215400 1.222800 -0.216800
v 0.219500 1.211000 -0.216800
v 0.215900 1.212800 -0.197500
v 0.223100 1.204700 -0.200800
v 0.229800 1.203800 -0.216800
v 0.232600 1.201100 -0.202900
v 0.242400 1.204100 -0.216800
v 0.248600 1.205400 -0.201000
v 0.254500 1.235200 -0.204500
v 0.251800 1.235600 -0.216800
v 0.244700 1.242300 -0.201600
v 0.241500 1.242700 -0.216800
v 0.236700 1.245100 -0.204200
v 0.261800 1.217000 -0.078300
v 0.269000 1.222300 -0.073700
v 0.263400 1.215000 -0.066500
v 0.270900 1.220800 -0.062600
v 0.271200 1.235600 -0.062400
v 0.268900 1.235600 -0.077900
v 0.268400 1.267800 -0.081900
v 0.261200 1.234200 -0.082700
v 0.253400 1.188000 -0.092400
v 0.253000 1.196400 -0.095800
v 0.245900 1.307200 -0.114200
v 0.218600 1.470300 -0.112600
v 0.202700 1.494500 -0.112300
v 0.227500 1.473600 -0.079800
v 0.207600 1.503600 -0.079600
v 0.192300 1.526200 -0.078600
v 0.193400 1.535500 -0.043500
v 0.181400 1.551100 -0.047800
v 0.181300 1.557800 -0.018500
v 0.315100 1.445700 -0.022200
v 0.314100 1.446300 -0.025700
v 0.259200 1.190000 -0.090000
v 0.259300 1.197600 -0.093100
v 0.216000 1.168400 -0.019200
v 0.230100 1.171300 -0.040800
v 0.229400 1.171700 -0.060000
v 0.318000 1.433500 -0.022200
v 0.315000 1.399900 -0.022100
v 0.316800 1.218900 -0.022100
v 0.319600 1.477900 -0.022100
v 0.312800 1.544100 -0.021900
v 0.312800 1.545500 -0.020600
v 0.314000 1.476000 -0.022100
v 0.313400 1.475400 -0.025700
v 0.240300 1.173500 -0.063700
v 0.252400 1.176000 -0.060900
v 0.239600 1.466600 -0.122800
v 0.191100 1.143800 -0.041900
v 0.175600 1.143800 -0.136100
v 0.166900 1.144200 -0.179300
v 0.200900 1.154500 -0.182900
v 0.195600 1.153000 -0.162100
v 0.203600 1.154900 -0.138000
v 0.207800 1.197800 -0.191400
v 0.204900 1.175900 -0.188200
v 0.185400 1.445800 -0.193700
v 0.196100 1.151300 -0.162200
v 0.203900 1.151500 -0.186200
v 0.224300 1.151800 -0.201100
v 0.203900 1.151500 -0.138200
v 0.224300 1.151800 -0.123400
v 0.249500 1.152300 -0.123400
v 0.270000 1.152600 -0.138200
v 0.277800 1.152700 -0.162200
v 0.270000 1.152600 -0.186200
v 0.249500 1.152300 -0.201100
v 0.231900 1.210800 -0.292000
v 0.232200 1.211800 -0.307900
v 0.240000 1.211000 -0.292000
v 0.239600 1.212000 -0.307900
v 0.246400 1.215900 -0.292000
v 0.245500 1.216500 -0.307900
v 0.248700 1.223600 -0.292000
v 0.247600 1.223600 -0.307900
v 0.245200 1.230500 -0.307900
v 0.246000 1.231200 -0.292000
v 0.239100 1.234700 -0.307900
v 0.239400 1.235700 -0.292000
v 0.231400 1.235500 -0.292000
v 0.231700 1.234600 -0.307900
v 0.225000 1.230700 -0.292000
v 0.225800 1.230100 -0.307900
v 0.222700 1.223000 -0.292000
v 0.223700 1.223000 -0.307900
v 0.225300 1.215400 -0.292000
v 0.226200 1.216000 -0.307900
v 0.219400 1.156200 -0.261300
v 0.226500 1.156800 -0.277100
v 0.226600 1.156900 -0.246100
v 0.242000 1.158300 -0.284300
v 0.242100 1.158400 -0.238900
v 0.257500 1.159800 -0.277100
v 0.257500 1.159900 -0.246100
v 0.264700 1.160600 -0.261300
v 0.248100 1.109700 -0.223200
v 0.238300 1.196200 -0.243400
v 0.228500 1.107800 -0.228500
v 0.229000 1.195200 -0.246000
v 0.214200 1.106400 -0.242800
v 0.222100 1.194600 -0.252800
v 0.219600 1.194300 -0.261500
v 0.208900 1.105800 -0.261400
v 0.222100 1.194500 -0.271500
v 0.214100 1.106200 -0.281900
v 0.228900 1.195100 -0.278400
v 0.228400 1.107600 -0.296300
v 0.238300 1.196000 -0.280900
v 0.247900 1.109500 -0.301500
v 0.247600 1.197000 -0.278400
v 0.267500 1.111400 -0.296300
v 0.254500 1.197700 -0.271500
v 0.281800 1.112800 -0.281900
v 0.287100 1.113400 -0.261400
v 0.257000 1.197900 -0.261500
v 0.281900 1.113000 -0.242800
v 0.254500 1.197700 -0.252800
v 0.267600 1.111600 -0.228400
v 0.247700 1.197100 -0.245900
v 0.217600 1.106600 -0.261300
v 0.221600 1.107000 -0.277600
v 0.232700 1.108000 -0.288800
v 0.248000 1.109500 -0.292900
v 0.263200 1.111000 -0.288800
v 0.274300 1.112100 -0.277600
v 0.278500 1.112600 -0.261300
v 0.274400 1.112200 -0.247100
v 0.263300 1.111200 -0.235900
v 0.248100 1.109700 -0.231900
v 0.232800 1.108200 -0.236000
v 0.221700 1.107100 -0.247100
v 0.281900 1.215500 -0.055100
v 0.240600 1.209300 0.232100
v 0.231400 1.209100 0.232100
v 0.223900 1.214300 0.232100
v 0.220800 1.222900 0.232100
v 0.223500 1.231700 0.232100
v 0.230800 1.237300 0.232100
v 0.239900 1.237500 0.232100
v 0.247500 1.232300 0.232100
v 0.243000 1.470900 0.086800
v 0.243900 1.510600 0.085800
v 0.241600 1.522200 0.086900
v 0.241400 1.542400 0.086800
v 0.244300 1.556600 0.085000
v 0.248900 1.542600 0.091200
v 0.248500 1.556700 0.087500
v 0.256400 1.542800 0.086800
v 0.252800 1.556800 0.085000
v 0.252900 1.556800 0.080000
v 0.256400 1.542800 0.078200
v 0.257000 1.522500 0.078100
v 0.255300 1.510800 0.079200
v 0.258000 1.471300 0.078200
v 0.255300 1.510800 0.085800
v 0.258000 1.471300 0.086800
v 0.249600 1.510700 0.089000
v 0.250500 1.471100 0.091200
v 0.181700 1.540400 -0.077600
v 0.182300 1.523500 -0.112400
v 0.183000 1.503500 -0.139600
v 0.183500 1.472400 -0.171700
v 0.249300 1.522300 0.091400
v 0.257000 1.522500 0.086900
v 0.237000 1.733400 0.020000
v 0.226100 1.733200 0.013100
v 0.221500 1.733100 -0.001300
v 0.226100 1.733200 -0.013100
v 0.237000 1.733400 -0.020000
v 0.249800 1.733600 -0.019300
v 0.258200 1.733800 -0.013100
v 0.262900 1.733900 0.001200
v 0.258200 1.733800 0.013100
v 0.249800 1.733600 0.019300
v 0.229400 1.742400 -0.008200
v 0.217400 1.839300 -0.016000
v 0.236700 1.742500 -0.014100
v 0.231200 1.839500 -0.026100
v 0.248300 1.839800 -0.026100
v 0.247300 1.742700 -0.014100
v 0.262100 1.840000 -0.016000
v 0.254600 1.742800 -0.008200
v 0.267400 1.840100 -0.000000
v 0.257200 1.742800 0.000600
v 0.262100 1.840000 0.016000
v 0.254600 1.742800 0.008200
v 0.247300 1.742700 0.014100
v 0.248300 1.839800 0.026100
v 0.236700 1.742500 0.014100
v 0.231200 1.839500 0.026100
v 0.217400 1.839300 0.016000
v 0.229400 1.742400 0.008200
v 0.212100 1.839200 0.000000
v 0.226800 1.742300 -0.000600
v 0.229800 1.735700 0.000000
v 0.232200 1.735700 0.007200
v 0.238300 1.735900 0.011700
v 0.245900 1.736000 0.011700
v 0.252100 1.736100 0.007200
v 0.254500 1.736100 0.000000
v 0.252100 1.736100 -0.007200
v 0.245900 1.736000 -0.011700
v 0.238300 1.735900 -0.011700
v 0.232200 1.735700 -0.007200
v 0.216800 1.864500 -0.016000
v 0.211500 1.864500 -0.000000
v 0.234100 1.922900 0.000000
v 0.235800 1.922900 -0.002700
v 0.230600 1.864800 -0.026100
v 0.240000 1.923000 -0.002700
v 0.247700 1.865100 -0.026100
v 0.261600 1.865300 -0.016000
v 0.241600 1.923000 0.000000
v 0.266800 1.865400 0.000000
v 0.261600 1.865300 0.016000
v 0.240000 1.923000 0.002700
v 0.247700 1.865100 0.026100
v 0.230600 1.864800 0.026100
v 0.235800 1.922900 0.002700
v 0.216800 1.864500 0.016000
v 0.237800 1.923700 0.000000
v 0.260800 1.720400 0.013200
v 0.265200 1.720500 0.000000
v 0.260800 1.720400 -0.013200
v 0.249500 1.720200 -0.021500
v 0.235500 1.720000 -0.021500
v 0.224200 1.719800 -0.013200
v 0.219800 1.719700 0.000000
v 0.224000 1.725900 -0.013200
v 0.219700 1.725800 0.000000
v 0.235400 1.726100 -0.021500
v 0.249400 1.726300 -0.021500
v 0.260700 1.726500 -0.013200
v 0.265000 1.726600 0.000000
v 0.260700 1.726500 0.013200
v 0.249400 1.726300 0.021500
v 0.235400 1.726100 0.021500
v 0.224000 1.725900 0.013200
v 0.224200 1.719800 0.013200
v 0.235500 1.720000 0.021500
v 0.249500 1.720200 0.021500
v 0.236600 1.596800 0.026700
v 0.254000 1.597100 0.026700
v 0.268100 1.597300 0.016400
v 0.273500 1.597400 0.000000
v 0.268100 1.597300 -0.016400
v 0.254000 1.597100 -0.026700
v 0.236600 1.596800 -0.026700
v 0.222500 1.596500 -0.016400
v 0.217100 1.596400 0.000000
v 0.222500 1.596500 0.016400
v 0.209600 1.620200 0.000000
v 0.216400 1.620300 -0.020400
v 0.233900 1.620600 -0.033300
v 0.255600 1.621000 -0.033300
v 0.273200 1.621300 -0.020400
v 0.279900 1.621400 0.000000
v 0.273200 1.621300 0.020400
v 0.255600 1.621000 0.033300
v 0.233900 1.620600 0.033300
v 0.216400 1.620300 0.020400
v 0.293400 1.566200 -0.034500
v 0.304600 1.566400 0.000000
v 0.293400 1.566200 0.034500
v 0.264400 1.565700 0.055400
v 0.227700 1.565100 0.055500
v 0.198500 1.564600 0.033500
v 0.187700 1.564400 0.000000
v 0.198500 1.564600 -0.033500
v 0.227700 1.565100 -0.055500
v 0.264400 1.565700 -0.055400
v 0.211100 1.502600 0.176400
v 0.206500 1.502500 0.162200
v 0.211100 1.502600 0.148000
v 0.223200 1.502800 0.139200
v 0.238200 1.503100 0.139200
v 0.250300 1.503300 0.148000
v 0.254900 1.503400 0.162200
v 0.250300 1.503300 0.176400
v 0.238200 1.503100 0.185200
v 0.223200 1.502800 0.185200
v 0.223200 1.505200 0.185300
v 0.211000 1.505000 0.176500
v 0.206400 1.504900 0.162200
v 0.211000 1.505000 0.148000
v 0.223200 1.505200 0.139200
v 0.238100 1.505400 0.139200
v 0.250300 1.505600 0.148000
v 0.254900 1.505700 0.162200
v 0.250300 1.505600 0.176500
v 0.238100 1.505400 0.185300
v 0.234000 1.514600 0.173300
v 0.226900 1.514400 0.173300
v 0.221100 1.514300 0.169000
v 0.218900 1.514300 0.162200
v 0.221100 1.514300 0.155400
v 0.226900 1.514400 0.151200
v 0.234000 1.514600 0.151200
v 0.239800 1.514700 0.155400
v 0.242000 1.514700 0.162200
v 0.239800 1.514700 0.169000
v 0.230400 1.516500 0.162200
v 0.217300 1.589600 0.000000
v 0.222700 1.589700 -0.016400
v 0.236800 1.589900 -0.026700
v 0.254200 1.590200 -0.026700
v 0.268300 1.590400 -0.016400
v 0.273700 1.590500 0.000000
v 0.268300 1.590400 0.016400
v 0.254200 1.590200 0.026700
v 0.236800 1.589900 0.026700
v 0.222700 1.589700 0.016400
v 0.233600 1.244300 0.232800
v 0.249400 1.224700 0.228800
v 0.235700 1.223300 0.225900
v 0.251300 1.205300 0.235100
v 0.237800 1.202300 0.232800
v 0.252500 1.193400 0.251600
v 0.239100 1.189300 0.250700
v 0.252500 1.193400 0.272000
v 0.239100 1.189300 0.272900
v 0.251300 1.205300 0.288500
v 0.237800 1.202300 0.290900
v 0.249400 1.224700 0.294800
v 0.235700 1.223300 0.297700
v 0.247500 1.244000 0.288500
v 0.233600 1.244300 0.290900
v 0.246300 1.255900 0.272000
v 0.232300 1.257300 0.272900
v 0.246300 1.255900 0.251600
v 0.232300 1.257300 0.250700
v 0.247500 1.244000 0.235100
v 0.261000 1.225800 0.236900
v 0.262500 1.211300 0.241700
v 0.263400 1.202300 0.254100
v 0.263400 1.202300 0.269500
v 0.262500 1.211300 0.282000
v 0.261000 1.225800 0.286700
v 0.259600 1.240400 0.282000
v 0.258700 1.249400 0.269500
v 0.258700 1.249400 0.254100
v 0.259600 1.240400 0.241700
v 0.268700 1.226600 0.245800
v 0.269700 1.217200 0.248900
v 0.270200 1.211500 0.256900
v 0.270200 1.211500 0.266700
v 0.269700 1.217200 0.274700
v 0.268700 1.226600 0.277800
v 0.267800 1.235900 0.274700
v 0.267200 1.241700 0.266700
v 0.267200 1.241700 0.256900
v 0.267800 1.235900 0.248900
v 0.218800 1.253200 0.251600
v 0.220000 1.241200 0.235100
v 0.221900 1.221900 0.228800
v 0.223900 1.202600 0.235100
v 0.225100 1.190700 0.251600
v 0.225100 1.190700 0.272000
v 0.223900 1.202600 0.288500
v 0.221900 1.221900 0.294800
v 0.220000 1.241200 0.288500
v 0.218800 1.253200 0.272000
v 0.207900 1.244300 0.269500
v 0.207900 1.244300 0.254100
v 0.208800 1.235300 0.241700
v 0.210300 1.220800 0.236900
v 0.211700 1.206200 0.241700
v 0.212600 1.197200 0.254100
v 0.212600 1.197200 0.269500
v 0.211700 1.206200 0.282000
v 0.210300 1.220800 0.286700
v 0.208800 1.235300 0.282000
v 0.201800 1.227000 0.271500
v 0.201400 1.231400 0.265500
v 0.201400 1.231400 0.258100
v 0.201800 1.227000 0.252100
v 0.202500 1.220000 0.249800
v 0.203200 1.212900 0.252100
v 0.203600 1.208600 0.258100
v 0.203600 1.208600 0.265500
v 0.203200 1.212900 0.271500
v 0.202500 1.220000 0.273800
v 0.199800 1.219700 0.261800
v 0.267300 1.213700 0.257900
v 0.267300 1.213700 0.265700
v 0.266800 1.218300 0.272000
v 0.266100 1.225700 0.274400
v 0.265400 1.233100 0.272000
v 0.264900 1.237600 0.265700
v 0.264900 1.237600 0.257900
v 0.265400 1.233100 0.251600
v 0.266100 1.225700 0.249200
v 0.266800 1.218300 0.251600
v 0.260400 1.225800 0.261800
v 0.244900 1.146200 0.138000
v 0.257600 1.146400 0.147300
v 0.244900 1.144000 0.137900
v 0.257700 1.144200 0.147200
v 0.262500 1.146500 0.162200
v 0.262600 1.144300 0.162200
v 0.257700 1.144200 0.177200
v 0.257600 1.146400 0.177200
v 0.244900 1.144000 0.186500
v 0.244900 1.146200 0.186500
v 0.229200 1.143700 0.186500
v 0.229100 1.145900 0.186500
v 0.216400 1.143500 0.177200
v 0.216400 1.145700 0.177200
v 0.211500 1.143400 0.162200
v 0.211600 1.145600 0.162200
v 0.216400 1.143500 0.147200
v 0.216400 1.145700 0.147300
v 0.229200 1.143700 0.137900
v 0.229100 1.145900 0.138000
v 0.250100 1.141800 0.152800
v 0.242100 1.141700 0.146900
v 0.232100 1.141500 0.146900
v 0.224100 1.141400 0.152800
v 0.221000 1.141300 0.162200
v 0.224100 1.141400 0.171700
v 0.232100 1.141500 0.177600
v 0.242100 1.141700 0.177600
v 0.250100 1.141800 0.171700
v 0.253200 1.141900 0.162200
v 0.237100 1.141100 0.162200
v 0.237800 1.230500 0.310200
v 0.233200 1.230400 0.310200
v 0.241700 1.227900 0.310200
v 0.229500 1.227600 0.310200
v 0.228100 1.223100 0.310200
v 0.243200 1.223500 0.310200
v 0.229700 1.218700 0.310200
v 0.241900 1.219000 0.310200
v 0.238200 1.216200 0.310200
v 0.233500 1.216100 0.310200
v 0.248500 1.557400 0.082500
v 0.233600 1.244300 -0.232800
v 0.221900 1.221900 -0.228800
v 0.235700 1.223300 -0.225900
v 0.223900 1.202600 -0.235100
v 0.237800 1.202300 -0.232800
v 0.225100 1.190700 -0.251600
v 0.239100 1.189300 -0.250700
v 0.225100 1.190700 -0.272000
v 0.239100 1.189300 -0.272900
v 0.223900 1.202600 -0.288500
v 0.237800 1.202300 -0.290900
v 0.221900 1.221900 -0.294800
v 0.235700 1.223300 -0.297700
v 0.220000 1.241200 -0.288500
v 0.233600 1.244300 -0.290900
v 0.218800 1.253200 -0.272000
v 0.232300 1.257300 -0.272900
v 0.218800 1.253200 -0.251600
v 0.232300 1.257300 -0.250700
v 0.220000 1.241200 -0.235100
v 0.210300 1.220800 -0.236900
v 0.211700 1.206200 -0.241700
v 0.212600 1.197200 -0.254100
v 0.212600 1.197200 -0.269500
v 0.211700 1.206200 -0.282000
v 0.210300 1.220800 -0.286700
v 0.208800 1.235300 -0.282000
v 0.207900 1.244300 -0.269500
v 0.207900 1.244300 -0.254100
v 0.208800 1.235300 -0.241700
v 0.202500 1.220000 -0.249800
v 0.203200 1.212900 -0.252100
v 0.203600 1.208600 -0.258100
v 0.203600 1.208600 -0.265500
v 0.203200 1.212900 -0.271500
v 0.202500 1.220000 -0.273800
v 0.201800 1.227000 -0.271500
v 0.201400 1.231400 -0.265500
v 0.201400 1.231400 -0.258100
v 0.201800 1.227000 -0.252100
v 0.199800 1.219700 -0.261800
v 0.269700 1.217200 -0.248900
v 0.266100 1.225700 -0.249200
v 0.268700 1.226600 -0.245800
v 0.265400 1.233100 -0.251600
v 0.267800 1.235900 -0.248900
v 0.264900 1.237600 -0.257900
v 0.267200 1.241700 -0.256900
v 0.267200 1.241700 -0.266700
v 0.264900 1.237600 -0.265700
v 0.267800 1.235900 -0.274700
v 0.265400 1.233100 -0.272000
v 0.268700 1.226600 -0.277800
v 0.266100 1.225700 -0.274400
v 0.269700 1.217200 -0.274700
v 0.266800 1.218300 -0.272000
v 0.270200 1.211500 -0.266700
v 0.267300 1.213700 -0.265700
v 0.270200 1.211500 -0.256900
v 0.267300 1.213700 -0.257900
v 0.266800 1.218300 -0.251600
v 0.260400 1.225800 -0.261800
v 0.246300 1.255900 -0.272000
v 0.246300 1.255900 -0.251600
v 0.247500 1.244000 -0.235100
v 0.249400 1.224700 -0.228800
v 0.251300 1.205300 -0.235100
v 0.252500 1.193400 -0.251600
v 0.252500 1.193400 -0.272000
v 0.251300 1.205300 -0.288500
v 0.249400 1.224700 -0.294800
v 0.247500 1.244000 -0.288500
v 0.259600 1.240400 -0.282000
v 0.258700 1.249400 -0.269500
v 0.258700 1.249400 -0.254100
v 0.259600 1.240400 -0.241700
v 0.261000 1.225800 -0.236900
v 0.262500 1.211300 -0.241700
v 0.263400 1.202300 -0.254100
v 0.263400 1.202300 -0.269500
v 0.262500 1.211300 -0.282000
v 0.261000 1.225800 -0.286700
v 0.262500 1.146500 -0.162200
v 0.257600 1.146400 -0.147300
v 0.244900 1.146200 -0.138000
v 0.229100 1.145900 -0.138000
v 0.216400 1.145700 -0.147300
v 0.211600 1.145600 -0.162200
v 0.216400 1.145700 -0.177200
v 0.229100 1.145900 -0.186500
v 0.244900 1.146200 -0.186500
v 0.257600 1.146400 -0.177200
v 0.257700 1.144200 -0.147200
v 0.250100 1.141800 -0.152800
v 0.262600 1.144300 -0.162200
v 0.253200 1.141900 -0.162200
v 0.257700 1.144200 -0.177200
v 0.250100 1.141800 -0.171700
v 0.244900 1.144000 -0.186500
v 0.242100 1.141700 -0.177600
v 0.229200 1.143700 -0.186500
v 0.232100 1.141500 -0.177600
v 0.216400 1.143500 -0.177200
v 0.224100 1.141400 -0.171700
v 0.211500 1.143400 -0.162200
v 0.221000 1.141300 -0.162200
v 0.216400 1.143500 -0.147200
v 0.224100 1.141400 -0.152800
v 0.229200 1.143700 -0.137900
v 0.232100 1.141500 -0.146900
v 0.244900 1.144000 -0.137900
v 0.242100 1.141700 -0.146900
v 0.237100 1.141100 -0.162200
v 0.223200 1.502800 -0.139200
v 0.238200 1.503100 -0.139200
v 0.250300 1.503300 -0.148000
v 0.254900 1.503400 -0.162200
v 0.250300 1.503300 -0.176400
v 0.238200 1.503100 -0.185200
v 0.223200 1.502800 -0.185200
v 0.211100 1.502600 -0.176400
v 0.206500 1.502500 -0.162200
v 0.211100 1.502600 -0.148000
v 0.223200 1.505200 -0.139200
v 0.238100 1.505400 -0.139200
v 0.250300 1.505600 -0.148000
v 0.254900 1.505700 -0.162200
v 0.250300 1.505600 -0.176500
v 0.238100 1.505400 -0.185300
v 0.223200 1.505200 -0.185300
v 0.211000 1.505000 -0.176500
v 0.206400 1.504900 -0.162200
v 0.211000 1.505000 -0.148000
v 0.226900 1.514400 -0.151200
v 0.234000 1.514600 -0.151200
v 0.239800 1.514700 -0.155400
v 0.242000 1.514700 -0.162200
v 0.239800 1.514700 -0.169000
v 0.234000 1.514600 -0.173300
v 0.226900 1.514400 -0.173300
v 0.221100 1.514300 -0.169000
v 0.218900 1.514300 -0.162200
v 0.221100 1.514300 -0.155400
v 0.230400 1.516500 -0.162200
v 0.229500 1.227600 -0.310200
v 0.233200 1.230400 -0.310200
v 0.237800 1.230500 -0.310200
v 0.241700 1.227900 -0.310200
v 0.243200 1.223500 -0.310200
v 0.241900 1.219000 -0.310200
v 0.238200 1.216200 -0.310200
v 0.233500 1.216100 -0.310200
v 0.229700 1.218700 -0.310200
v 0.228100 1.223100 -0.310200
v 0.270100 1.587200 -0.017700
v 0.254900 1.586900 -0.028800
v 0.236200 1.586600 -0.028800
v 0.221000 1.586300 -0.017700
v 0.215200 1.586200 0.000000
v 0.221000 1.586300 0.017700
v 0.236200 1.586600 0.028800
v 0.254900 1.586900 0.028800
v 0.270100 1.587200 0.017700
v 0.275900 1.587300 0.000000
v 0.270100 1.589500 -0.017700
v 0.254900 1.589200 -0.028800
v 0.236100 1.588900 -0.028800
v 0.221000 1.588600 -0.017700
v 0.215200 1.588500 0.000000
v 0.221000 1.588600 0.017700
v 0.236100 1.588900 0.028800
v 0.254900 1.589200 0.028800
v 0.270100 1.589500 0.017700
v 0.275900 1.589600 0.000000
vt 0.378514 0.765845
vt 0.368159 0.765564
vt 0.368214 0.768003
vt 0.058952 0.252456
vt 0.069311 0.252456
vt 0.069190 0.250020
vt 0.141585 0.255544
vt 0.148518 0.266699
vt 0.146018 0.253141
vt 0.151742 0.264952
vt 0.155128 0.263502
vt 0.150653 0.251185
vt 0.158664 0.262424
vt 0.155425 0.249682
vt 0.162276 0.261706
vt 0.160421 0.248711
vt 0.165924 0.261326
vt 0.165418 0.248227
vt 0.170437 0.248323
vt 0.169591 0.261423
vt 0.173248 0.261860
vt 0.175493 0.248905
vt 0.176857 0.262662
vt 0.180367 0.250035
vt 0.180344 0.263845
vt 0.185139 0.251628
vt 0.183694 0.265339
vt 0.189744 0.253681
vt 0.159510 0.264137
vt 0.158709 0.267747
vt 0.160188 0.271119
vt 0.163333 0.273005
vt 0.166981 0.272627
vt 0.169069 0.263214
vt 0.170548 0.266587
vt 0.169747 0.270196
vt 0.156962 0.347828
vt 0.156962 0.283725
vt 0.154687 0.347788
vt 0.154687 0.283685
vt 0.160344 0.283732
vt 0.160344 0.347836
vt 0.151305 0.347796
vt 0.151305 0.283692
vt 0.160369 0.350110
vt 0.156986 0.350103
vt 0.156977 0.280342
vt 0.154703 0.280302
vt 0.165732 0.347797
vt 0.169085 0.347808
vt 0.166558 0.283722
vt 0.169984 0.283725
vt 0.172302 0.283829
vt 0.171331 0.347911
vt 0.175664 0.283845
vt 0.174684 0.347998
vt 0.165732 0.350117
vt 0.169086 0.350056
vt 0.172441 0.280470
vt 0.170127 0.280302
vt 0.142721 0.283685
vt 0.140447 0.283725
vt 0.142721 0.347788
vt 0.140447 0.347828
vt 0.137064 0.347836
vt 0.137064 0.283732
vt 0.146104 0.283692
vt 0.146104 0.347796
vt 0.140422 0.350103
vt 0.137040 0.350110
vt 0.140431 0.280342
vt 0.142706 0.280302
vt 0.588767 0.440253
vt 0.579749 0.437281
vt 0.594319 0.447958
vt 0.570773 0.440200
vt 0.594284 0.457332
vt 0.565160 0.447737
vt 0.588740 0.464892
vt 0.565194 0.457134
vt 0.579696 0.467788
vt 0.570677 0.464817
vt 0.516776 0.567574
vt 0.563126 0.570736
vt 0.518889 0.553765
vt 0.562996 0.557427
vt 0.553758 0.540518
vt 0.530345 0.538841
vt 0.553075 0.529902
vt 0.530788 0.524920
vt 0.538949 0.522750
vt 0.547756 0.525347
vt 0.088189 0.466774
vt 0.079477 0.485534
vt 0.095724 0.466995
vt 0.095166 0.492959
vt 0.054285 0.506125
vt 0.095029 0.519923
vt 0.030346 0.521449
vt 0.095102 0.547033
vt 0.028413 0.547164
vt 0.028426 0.573563
vt 0.095330 0.573407
vt 0.031517 0.581987
vt 0.028596 0.581947
vt 0.103266 0.776918
vt 0.103626 0.774548
vt 0.052600 0.777009
vt 0.039813 0.765968
vt 0.051579 0.778081
vt 0.033037 0.774157
vt 0.034657 0.800833
vt 0.045753 0.785268
vt 0.046826 0.800308
vt 0.088317 0.607747
vt 0.100486 0.608273
vt 0.089390 0.592708
vt 0.102106 0.581596
vt 0.088461 0.591556
vt 0.082543 0.584448
vt 0.031877 0.584358
vt 0.106547 0.774508
vt 0.106717 0.766123
vt 0.040041 0.739594
vt 0.106729 0.739724
vt 0.104797 0.714009
vt 0.040114 0.712483
vt 0.080858 0.698686
vt 0.039977 0.685519
vt 0.055666 0.678094
vt 0.039419 0.659556
vt 0.046954 0.659334
vt 0.483072 0.542453
vt 0.483961 0.560125
vt 0.485686 0.543016
vt 0.486555 0.559335
vt 0.482779 0.577934
vt 0.486518 0.561028
vt 0.485426 0.577432
vt 0.479613 0.595483
vt 0.485215 0.579085
vt 0.482281 0.595276
vt 0.474353 0.612539
vt 0.481883 0.596901
vt 0.477054 0.612617
vt 0.439733 0.447195
vt 0.437361 0.448489
vt 0.450827 0.459195
vt 0.449415 0.461442
vt 0.459788 0.475776
vt 0.451893 0.460492
vt 0.461517 0.473699
vt 0.462412 0.475130
vt 0.470443 0.489478
vt 0.468523 0.491341
vt 0.471174 0.490982
vt 0.477452 0.506192
vt 0.475313 0.507830
vt 0.478006 0.507764
vt 0.482529 0.523570
vt 0.480219 0.524991
vt 0.482921 0.525217
vt 0.485509 0.541352
vt 0.500875 0.545649
vt 0.501298 0.555313
vt 0.512535 0.544851
vt 0.512988 0.555132
vt 0.501186 0.565277
vt 0.500515 0.575156
vt 0.512862 0.565893
vt 0.512159 0.576251
vt 0.499250 0.585068
vt 0.497516 0.594699
vt 0.510790 0.586970
vt 0.508962 0.597173
vt 0.495141 0.604418
vt 0.492283 0.613898
vt 0.506403 0.607629
vt 0.503432 0.617515
vt 0.452953 0.439486
vt 0.459515 0.446623
vt 0.461346 0.431305
vt 0.468332 0.438893
vt 0.475200 0.447250
vt 0.465909 0.454403
vt 0.481292 0.455573
vt 0.471640 0.462223
vt 0.487167 0.464788
vt 0.477029 0.470671
vt 0.492153 0.473826
vt 0.481820 0.479337
vt 0.496857 0.483509
vt 0.486189 0.488338
vt 0.500793 0.493098
vt 0.489912 0.497387
vt 0.504389 0.503288
vt 0.493236 0.506811
vt 0.507257 0.513265
vt 0.495973 0.516327
vt 0.509647 0.523759
vt 0.498181 0.526044
vt 0.511369 0.533905
vt 0.499802 0.535580
vt 0.419850 0.549186
vt 0.418163 0.539034
vt 0.416312 0.549116
vt 0.414850 0.540181
vt 0.414672 0.539356
vt 0.412148 0.530577
vt 0.415325 0.529004
vt 0.411860 0.529756
vt 0.408379 0.521312
vt 0.411307 0.519369
vt 0.407988 0.520523
vt 0.403541 0.512544
vt 0.406222 0.510270
vt 0.403080 0.511848
vt 0.397765 0.504490
vt 0.400160 0.501925
vt 0.393147 0.494362
vt 0.397179 0.503777
vt 0.390990 0.497138
vt 0.414724 0.590100
vt 0.417778 0.580134
vt 0.411624 0.588441
vt 0.414291 0.579705
vt 0.419677 0.569869
vt 0.414507 0.578852
vt 0.416132 0.569864
vt 0.420339 0.559466
vt 0.416240 0.569001
vt 0.416858 0.559887
vt 0.416858 0.559043
vt 0.416406 0.550000
vt 0.369431 0.490994
vt 0.376569 0.479983
vt 0.363632 0.485181
vt 0.362193 0.446857
vt 0.356544 0.482672
vt 0.343933 0.447407
vt 0.344893 0.485886
vt 0.338323 0.494071
vt 0.326698 0.480298
vt 0.325567 0.447760
vt 0.322692 0.473901
vt 0.318120 0.469621
vt 0.307279 0.448059
vt 0.307469 0.466685
vt 0.288527 0.458978
vt 0.288989 0.448113
vt 0.277413 0.459752
vt 0.274471 0.477841
vt 0.288202 0.461119
vt 0.294108 0.476473
vt 0.277236 0.481934
vt 0.295453 0.485101
vt 0.599581 0.491090
vt 0.595340 0.487130
vt 0.595339 0.499390
vt 0.589359 0.497591
vt 0.585952 0.515771
vt 0.583620 0.514934
vt 0.288710 0.311302
vt 0.291078 0.310570
vt 0.285090 0.293205
vt 0.286341 0.292904
vt 0.395653 0.657742
vt 0.395356 0.658993
vt 0.410596 0.662205
vt 0.412387 0.665664
vt 0.383780 0.448420
vt 0.380496 0.446325
vt 0.379360 0.464047
vt 0.082875 0.816234
vt 0.082839 0.834502
vt 0.092296 0.816097
vt 0.097626 0.834429
vt 0.082746 0.852769
vt 0.102533 0.852696
vt 0.082798 0.871037
vt 0.117737 0.871034
vt 0.082858 0.889328
vt 0.126640 0.889236
vt 0.082875 0.907618
vt 0.127818 0.907508
vt 0.122236 0.925827
vt 0.082875 0.925929
vt 0.116108 0.944152
vt 0.082982 0.944197
vt 0.110856 0.962427
vt 0.083021 0.962507
vt 0.100816 0.980766
vt 0.083130 0.980798
vt 0.092509 0.998967
vt 0.083088 0.999089
vt 0.276701 0.771828
vt 0.290404 0.771703
vt 0.276278 0.758673
vt 0.296059 0.758095
vt 0.294710 0.745120
vt 0.275658 0.745771
vt 0.292943 0.737913
vt 0.275615 0.738147
vt 0.217110 0.631330
vt 0.214128 0.631246
vt 0.220846 0.754798
vt 0.206923 0.633021
vt 0.211533 0.759857
vt 0.193948 0.634378
vt 0.198551 0.780222
vt 0.181173 0.636179
vt 0.297844 0.770873
vt 0.291001 0.774067
vt 0.298244 0.773795
vt 0.178251 0.636579
vt 0.183193 0.790966
vt 0.332548 0.756704
vt 0.345697 0.770060
vt 0.349604 0.753273
vt 0.375187 0.748126
vt 0.385050 0.763991
vt 0.530547 0.505249
vt 0.526644 0.490649
vt 0.523904 0.503826
vt 0.564859 0.335275
vt 0.561166 0.335294
vt 0.563164 0.348627
vt 0.559490 0.348648
vt 0.556718 0.364811
vt 0.553369 0.363805
vt 0.547383 0.374480
vt 0.544668 0.372026
vt 0.533818 0.380203
vt 0.532059 0.385427
vt 0.528442 0.384342
vt 0.359076 0.716588
vt 0.358564 0.720750
vt 0.368985 0.714743
vt 0.372615 0.734364
vt 0.379224 0.732545
vt 0.375967 0.713996
vt 0.180374 0.999075
vt 0.180290 0.980785
vt 0.170952 0.998975
vt 0.162604 0.980793
vt 0.180356 0.962494
vt 0.152521 0.962479
vt 0.180352 0.944183
vt 0.147226 0.944216
vt 0.180417 0.925915
vt 0.141056 0.925905
vt 0.180374 0.907605
vt 0.135431 0.907599
vt 0.136566 0.889324
vt 0.180349 0.889314
vt 0.145426 0.871101
vt 0.180366 0.871024
vt 0.160588 0.852728
vt 0.180375 0.852756
vt 0.165453 0.834450
vt 0.180239 0.834488
vt 0.170740 0.816106
vt 0.180161 0.816220
vt 0.545802 0.494259
vt 0.533300 0.491699
vt 0.540830 0.507488
vt 0.368735 0.767935
vt 0.349259 0.779807
vt 0.374457 0.780857
vt 0.356920 0.792647
vt 0.172930 0.792668
vt 0.168172 0.661127
vt 0.157979 0.792487
vt 0.153251 0.661667
vt 0.348719 0.789455
vt 0.324400 0.791226
vt 0.349753 0.804350
vt 0.325428 0.806048
vt 0.293307 0.808282
vt 0.292276 0.793386
vt 0.102811 0.790541
vt 0.054921 0.786093
vt 0.101445 0.805409
vt 0.053548 0.800960
vt 0.033697 0.612849
vt 0.081595 0.608400
vt 0.032332 0.597980
vt 0.080222 0.593533
vt 0.083139 0.608253
vt 0.081665 0.593395
vt 0.083942 0.584934
vt 0.081718 0.592364
vt 0.080338 0.592247
vt 0.081541 0.592933
vt 0.032297 0.596542
vt 0.359766 0.598442
vt 0.327574 0.599207
vt 0.359763 0.599881
vt 0.359422 0.614808
vt 0.327232 0.614062
vt 0.302854 0.613490
vt 0.303198 0.598563
vt 0.238538 0.472773
vt 0.223617 0.472234
vt 0.233819 0.603593
vt 0.218868 0.603775
vt 0.294026 0.600367
vt 0.301469 0.587399
vt 0.276293 0.588875
vt 0.281796 0.575857
vt 0.302260 0.586088
vt 0.282332 0.573477
vt 0.304866 0.577594
vt 0.217398 0.603349
vt 0.222129 0.472243
vt 0.208605 0.602073
vt 0.213537 0.447686
vt 0.225421 0.448016
vt 0.327576 0.597564
vt 0.336400 0.595385
vt 0.327255 0.585680
vt 0.334502 0.585617
vt 0.029790 0.583178
vt 0.028393 0.591738
vt 0.030973 0.592465
vt 0.531556 0.285456
vt 0.529426 0.276989
vt 0.527950 0.286578
vt 0.525919 0.276952
vt 0.525569 0.255260
vt 0.521947 0.255492
vt 0.521883 0.245914
vt 0.518494 0.246221
vt 0.273625 0.522611
vt 0.280647 0.522678
vt 0.274064 0.513891
vt 0.290586 0.524355
vt 0.294786 0.508347
vt 0.276152 0.491921
vt 0.296218 0.491846
vt 0.656750 0.191720
vt 0.666021 0.198862
vt 0.663564 0.173968
vt 0.673101 0.161408
vt 0.754071 0.209153
vt 0.496287 0.658924
vt 0.495324 0.669003
vt 0.584407 0.668595
vt 0.358353 0.594396
vt 0.226242 0.447992
vt 0.224601 0.447918
vt 0.623981 0.473966
vt 0.632812 0.474424
vt 0.624996 0.467321
vt 0.633539 0.466011
vt 0.627118 0.457200
vt 0.635264 0.456992
vt 0.626378 0.449315
vt 0.636842 0.450169
vt 0.562368 0.424643
vt 0.569426 0.420114
vt 0.557303 0.422118
vt 0.569155 0.412596
vt 0.581644 0.406937
vt 0.595257 0.414666
vt 0.593717 0.404509
vt 0.619036 0.424643
vt 0.627707 0.410970
vt 0.603727 0.391447
vt 0.613642 0.390937
vt 0.625574 0.386821
vt 0.617565 0.385545
vt 0.154560 0.602677
vt 0.160742 0.598819
vt 0.152308 0.590001
vt 0.158868 0.588885
vt 0.149690 0.565754
vt 0.156662 0.565469
vt 0.149684 0.565379
vt 0.149690 0.443612
vt 0.157808 0.441932
vt 0.174677 0.442440
vt 0.170950 0.565907
vt 0.170220 0.589237
vt 0.161589 0.598621
vt 0.169715 0.599955
vt 0.053331 0.969081
vt 0.045164 0.968032
vt 0.049381 0.975375
vt 0.040765 0.973842
vt 0.023860 0.995205
vt 0.028436 0.993843
vt 0.022661 0.988741
vt 0.027641 0.987947
vt 0.020278 0.947823
vt 0.025932 0.947828
vt 0.024286 0.813486
vt 0.017341 0.813467
vt 0.415256 0.677762
vt 0.425141 0.661044
vt 0.428423 0.692666
vt 0.418407 0.693630
vt 0.421553 0.706370
vt 0.430938 0.710418
vt 0.373101 0.579177
vt 0.359406 0.579686
vt 0.373496 0.586136
vt 0.361296 0.589520
vt 0.382377 0.588702
vt 0.380466 0.586035
vt 0.383203 0.580068
vt 0.380298 0.580378
vt 0.249209 0.067937
vt 0.226611 0.059778
vt 0.239704 0.072574
vt 0.218052 0.062644
vt 0.213614 0.055403
vt 0.214049 0.062491
vt 0.627875 0.383458
vt 0.643360 0.391800
vt 0.632782 0.378324
vt 0.384330 0.337253
vt 0.367798 0.332760
vt 0.369300 0.340532
vt 0.250550 0.089690
vt 0.260852 0.101645
vt 0.247781 0.107789
vt 0.259663 0.106166
vt 0.245117 0.119242
vt 0.233192 0.120196
vt 0.230678 0.132261
vt 0.225845 0.133294
vt 0.214049 0.122826
vt 0.177659 0.442356
vt 0.184864 0.444131
vt 0.353876 0.553330
vt 0.372938 0.553100
vt 0.355307 0.546049
vt 0.372628 0.545482
vt 0.533309 0.292956
vt 0.535119 0.305071
vt 0.544107 0.298908
vt 0.553035 0.306882
vt 0.545710 0.322320
vt 0.559356 0.321958
vt 0.547017 0.335294
vt 0.268693 0.053460
vt 0.268608 0.066990
vt 0.276883 0.053545
vt 0.276726 0.067074
vt 0.298671 0.249506
vt 0.300217 0.262947
vt 0.305707 0.249478
vt 0.314853 0.268030
vt 0.304310 0.284344
vt 0.276528 0.088858
vt 0.268410 0.088719
vt 0.311510 0.221465
vt 0.320778 0.213663
vt 0.310715 0.214511
vt 0.311966 0.209333
vt 0.316261 0.203989
vt 0.324685 0.208562
vt 0.324436 0.198378
vt 0.326979 0.199839
vt 0.333305 0.212522
vt 0.335640 0.214296
vt 0.346364 0.206423
vt 0.349867 0.211159
vt 0.317411 0.369954
vt 0.315116 0.358068
vt 0.307367 0.367494
vt 0.312627 0.334398
vt 0.302463 0.324236
vt 0.311451 0.326704
vt 0.476724 0.682452
vt 0.454591 0.704895
vt 0.638475 0.706111
vt 0.440123 0.724633
vt 0.427910 0.749947
vt 0.640273 0.785199
vt 0.420158 0.771548
vt 0.415234 0.792712
vt 0.641475 0.806121
vt 0.413421 0.806121
vt 0.632544 0.488349
vt 0.623701 0.488992
vt 0.630439 0.507044
vt 0.620800 0.507365
vt 0.629889 0.521004
vt 0.620532 0.521004
vt 0.296539 0.192852
vt 0.298507 0.174667
vt 0.289363 0.191770
vt 0.291456 0.173748
vt 0.296642 0.162136
vt 0.289324 0.161027
vt 0.295777 0.092949
vt 0.288646 0.091872
vt 0.294281 0.061044
vt 0.289363 0.053460
vt 0.415920 0.630823
vt 0.408796 0.636387
vt 0.265158 0.277990
vt 0.266883 0.309884
vt 0.273713 0.384779
vt 0.267748 0.379071
vt 0.269418 0.391629
vt 0.335013 0.819685
vt 0.342033 0.823696
vt 0.360320 0.819882
vt 0.360320 0.824065
vt 0.032587 0.815365
vt 0.034956 0.937109
vt 0.037664 0.961346
vt 0.029756 0.987801
vt 0.048710 0.994504
vt 0.303875 0.511165
vt 0.297972 0.511903
vt 0.292778 0.527930
vt 0.246191 0.202263
vt 0.238541 0.169505
vt 0.145410 0.193936
vt 0.148154 0.161320
vt 0.010698 0.117328
vt 0.091664 0.117955
vt 0.010716 0.084597
vt 0.103794 0.084419
vt 0.291168 0.528508
vt 0.277349 0.542357
vt 0.307201 0.547945
vt 0.309904 0.532425
vt 0.312865 0.539240
vt 0.169478 0.599941
vt 0.178945 0.604211
vt 0.180263 0.570967
vt 0.197839 0.445487
vt 0.353128 0.566354
vt 0.372915 0.566017
vt 0.329881 0.859650
vt 0.335777 0.848969
vt 0.317566 0.862129
vt 0.306747 0.855999
vt 0.333439 0.836756
vt 0.304409 0.843786
vt 0.322662 0.830685
vt 0.310655 0.832845
vt 0.015819 0.813400
vt 0.010746 0.908198
vt 0.010654 0.996492
vt 0.024677 0.988574
vt 0.027117 0.994679
vt 0.315432 0.223139
vt 0.324490 0.222869
vt 0.326951 0.211879
vt 0.333552 0.223186
vt 0.342555 0.224352
vt 0.351552 0.226013
vt 0.359200 0.215959
vt 0.360379 0.228241
vt 0.370337 0.220657
vt 0.369074 0.231042
vt 0.377749 0.221919
vt 0.377437 0.234649
vt 0.416953 0.713171
vt 0.428288 0.718973
vt 0.291118 0.234649
vt 0.298424 0.229302
vt 0.293601 0.226044
vt 0.301107 0.222703
vt 0.306603 0.225358
vt 0.075784 0.381059
vt 0.080018 0.366898
vt 0.015270 0.357967
vt 0.017340 0.351242
vt 0.082618 0.352438
vt 0.018542 0.344310
vt 0.019038 0.337765
vt 0.083644 0.338451
vt 0.018748 0.330298
vt 0.083050 0.323131
vt 0.017682 0.323345
vt 0.080707 0.308575
vt 0.015762 0.316530
vt 0.076703 0.294439
vt 0.013003 0.310078
vt 0.071043 0.280806
vt 0.009482 0.303923
vt 0.063741 0.267997
vt 0.054478 0.255754
vt 0.005008 0.297938
vt 0.054082 0.418451
vt 0.062506 0.407268
vt 0.005008 0.375806
vt 0.008951 0.370561
vt 0.069958 0.394546
vt 0.012473 0.364471
vt 0.382904 0.591330
vt 0.360944 0.592170
vt 0.260170 0.878775
vt 0.296120 0.880037
vt 0.260991 0.866635
vt 0.297250 0.867526
vt 0.262697 0.855311
vt 0.299915 0.855380
vt 0.265531 0.844133
vt 0.269332 0.833319
vt 0.274240 0.822967
vt 0.280657 0.812585
vt 0.273399 0.944096
vt 0.305743 0.927841
vt 0.269078 0.934290
vt 0.301176 0.916527
vt 0.265526 0.923403
vt 0.298026 0.904566
vt 0.262936 0.912257
vt 0.261149 0.900864
vt 0.296436 0.892233
vt 0.260264 0.889493
vt 0.283259 0.411576
vt 0.285695 0.398154
vt 0.270945 0.409935
vt 0.298122 0.384314
vt 0.300969 0.369558
vt 0.371976 0.500141
vt 0.372116 0.499394
vt 0.354368 0.501001
vt 0.355108 0.495824
vt 0.010654 0.812585
vt 0.354933 0.524528
vt 0.372905 0.524113
vt 0.354706 0.514997
vt 0.372604 0.514518
vt 0.372279 0.507657
vt 0.354599 0.508118
vt 0.338552 0.510782
vt 0.338599 0.512305
vt 0.345494 0.512369
vt 0.345261 0.514267
vt 0.347129 0.519052
vt 0.345665 0.522769
vt 0.352570 0.527356
vt 0.352944 0.544229
vt 0.336664 0.584491
vt 0.338829 0.594268
vt 0.378356 0.499330
vt 0.378390 0.507440
vt 0.372148 0.507486
vt 0.378671 0.514102
vt 0.618343 0.382923
vt 0.603194 0.384920
vt 0.587299 0.392416
vt 0.586647 0.385551
vt 0.575019 0.393342
vt 0.574492 0.386466
vt 0.561335 0.394203
vt 0.560808 0.387327
vt 0.546182 0.395433
vt 0.545287 0.388519
vt 0.604447 0.485015
vt 0.601623 0.479488
vt 0.619935 0.466943
vt 0.617139 0.464140
vt 0.624129 0.457218
vt 0.080738 0.384960
vt 0.089967 0.378047
vt 0.087634 0.372224
vt 0.101290 0.376675
vt 0.102220 0.370458
vt 0.111226 0.380694
vt 0.115202 0.375765
vt 0.118704 0.390293
vt 0.124535 0.387928
vt 0.126289 0.402567
vt 0.120082 0.401662
vt 0.120462 0.416054
vt 0.115521 0.412254
vt 0.106336 0.419111
vt 0.108669 0.424933
vt 0.094957 0.420438
vt 0.094027 0.426655
vt 0.079963 0.420497
vt 0.083780 0.415535
vt 0.071712 0.409186
vt 0.077543 0.406821
vt 0.076165 0.395452
vt 0.546430 0.480141
vt 0.536095 0.478157
vt 0.526767 0.490048
vt 0.529427 0.476855
vt 0.563030 0.321941
vt 0.556421 0.305823
vt 0.553082 0.306862
vt 0.546989 0.296248
vt 0.544299 0.298729
vt 0.533368 0.290662
vt 0.626421 0.436986
vt 0.624616 0.450451
vt 0.273653 0.522049
vt 0.270710 0.540650
vt 0.270640 0.540949
vt 0.268556 0.554227
vt 0.275010 0.556161
vt 0.268370 0.555022
vt 0.265416 0.572190
vt 0.271983 0.573933
vt 0.546443 0.477701
vt 0.579474 0.563585
vt 0.573018 0.552257
vt 0.569785 0.568876
vt 0.561784 0.535419
vt 0.638564 0.439671
vt 0.629324 0.437426
vt 0.456928 0.661591
vt 0.491860 0.630823
vt 0.472898 0.669739
vt 0.481085 0.670435
vt 0.567277 0.103773
vt 0.575707 0.109993
vt 0.578016 0.064151
vt 0.632649 0.065606
vt 0.579682 0.115754
vt 0.636680 0.113158
vt 0.580618 0.120998
vt 0.637064 0.117809
vt 0.632098 0.137162
vt 0.579726 0.127796
vt 0.574134 0.135984
vt 0.561313 0.142567
vt 0.627254 0.156589
vt 0.540690 0.164403
vt 0.627701 0.161320
vt 0.537314 0.169505
vt 0.630445 0.193936
vt 0.529664 0.202263
vt 0.540862 0.221045
vt 0.632013 0.213268
vt 0.544653 0.229035
vt 0.632649 0.221779
vt 0.767021 0.053460
vt 0.671408 0.053530
vt 0.766940 0.061994
vt 0.659364 0.062011
vt 0.648643 0.053460
vt 0.355534 0.353760
vt 0.346813 0.332380
vt 0.368009 0.332481
vt 0.369594 0.307784
vt 0.347023 0.332237
vt 0.343502 0.307631
vt 0.370519 0.291620
vt 0.343076 0.284220
vt 0.323720 0.306941
vt 0.318551 0.281124
vt 0.310847 0.306343
vt 0.323696 0.306946
vt 0.321115 0.332438
vt 0.343474 0.307750
vt 0.333255 0.353690
vt 0.352016 0.380100
vt 0.359492 0.373372
vt 0.370519 0.391134
vt 0.365067 0.401489
vt 0.276883 0.221762
vt 0.276074 0.196719
vt 0.267228 0.218714
vt 0.267673 0.195765
vt 0.276397 0.164325
vt 0.267988 0.164246
vt 0.276369 0.139850
vt 0.268106 0.139774
vt 0.276407 0.111807
vt 0.268217 0.111667
vt 0.556360 0.139379
vt 0.543898 0.152399
vt 0.537751 0.156780
vt 0.532672 0.160443
vt 0.535500 0.167642
vt 0.529586 0.169167
vt 0.530158 0.180201
vt 0.522247 0.199059
vt 0.526242 0.209582
vt 0.536370 0.222545
vt 0.538141 0.231097
vt 0.544614 0.229054
vt 0.371553 0.499905
vt 0.371209 0.507419
vt 0.613367 0.371142
vt 0.606581 0.370078
vt 0.614070 0.371770
vt 0.600020 0.377777
vt 0.599421 0.376471
vt 0.583623 0.375468
vt 0.578911 0.370466
vt 0.572702 0.374890
vt 0.573612 0.382422
vt 0.561042 0.380449
vt 0.547983 0.382091
vt 0.055650 0.464212
vt 0.058146 0.475487
vt 0.060863 0.462945
vt 0.063852 0.474102
vt 0.064062 0.463815
vt 0.075507 0.465370
vt 0.064689 0.458474
vt 0.076188 0.459568
vt 0.065090 0.453122
vt 0.076624 0.453759
vt 0.076811 0.447917
vt 0.065262 0.447830
vt 0.076758 0.442127
vt 0.065214 0.442463
vt 0.056849 0.446107
vt 0.054477 0.434804
vt 0.051622 0.447312
vt 0.048826 0.436111
vt 0.048432 0.446433
vt 0.036993 0.444873
vt 0.047808 0.451775
vt 0.036318 0.450632
vt 0.047394 0.457125
vt 0.035868 0.456439
vt 0.047188 0.462508
vt 0.035640 0.462256
vt 0.047203 0.467817
vt 0.035657 0.468087
vt 0.351936 0.579201
vt 0.358919 0.582075
vt 0.351672 0.582138
vt 0.210615 0.447286
vt 0.193246 0.591331
vt 0.192705 0.608720
vt 0.300677 0.560875
vt 0.382838 0.192161
vt 0.382466 0.174022
vt 0.308434 0.190823
vt 0.307546 0.169885
vt 0.383047 0.161138
vt 0.306452 0.090784
vt 0.383903 0.091984
vt 0.382838 0.053580
vt 0.306898 0.053460
vt 0.639059 0.668788
vt 0.705102 0.217893
vt 0.698462 0.217505
vt 0.704711 0.223178
vt 0.698279 0.222806
vt 0.347544 0.264541
vt 0.343652 0.259407
vt 0.342748 0.269920
vt 0.337189 0.262652
vt 0.341868 0.253193
vt 0.334678 0.253902
vt 0.342453 0.246767
vt 0.335500 0.244804
vt 0.376425 0.246767
vt 0.376964 0.253199
vt 0.383385 0.244824
vt 0.384143 0.253901
vt 0.375145 0.259378
vt 0.381595 0.262589
vt 0.371260 0.264491
vt 0.376080 0.269802
vt 0.365753 0.267879
vt 0.368326 0.274572
vt 0.359413 0.269075
vt 0.359422 0.276259
vt 0.353066 0.267902
vt 0.350500 0.274643
vt 0.431758 0.425466
vt 0.441060 0.425049
vt 0.430409 0.400328
vt 0.440796 0.384909
vt 0.402438 0.428261
vt 0.399165 0.411794
vt 0.479727 0.427096
vt 0.482559 0.410547
vt 0.470282 0.426867
vt 0.474200 0.393008
vt 0.377867 0.495284
vt 0.111741 0.334873
vt 0.105051 0.334851
vt 0.115046 0.340664
vt 0.111660 0.346434
vt 0.101729 0.340586
vt 0.104970 0.346413
vt 0.110485 0.353083
vt 0.111611 0.350928
vt 0.106133 0.353046
vt 0.104984 0.350909
vt 0.101041 0.348598
vt 0.097801 0.342770
vt 0.098614 0.348620
vt 0.096536 0.344882
vt 0.097822 0.338363
vt 0.101174 0.332574
vt 0.096496 0.336289
vt 0.098676 0.332523
vt 0.106289 0.328161
vt 0.105094 0.330355
vt 0.110578 0.328150
vt 0.111721 0.330378
vt 0.115645 0.332645
vt 0.118949 0.338437
vt 0.118149 0.332635
vt 0.120268 0.336349
vt 0.118904 0.342968
vt 0.115519 0.348738
vt 0.120160 0.345094
vt 0.117950 0.348770
vt 0.119156 0.280316
vt 0.114867 0.280303
vt 0.119143 0.328164
vt 0.114854 0.328151
vt 0.110591 0.280302
vt 0.106302 0.280313
vt 0.101950 0.280325
vt 0.101937 0.328172
vt 0.097674 0.280323
vt 0.097661 0.328171
vt 0.123508 0.280331
vt 0.123495 0.328178
vt 0.632929 0.321926
vt 0.622481 0.320337
vt 0.632839 0.325531
vt 0.622313 0.326638
vt 0.607770 0.319895
vt 0.607673 0.326359
vt 0.599138 0.325350
vt 0.599213 0.320613
vt 0.570348 0.325547
vt 0.570493 0.319245
vt 0.545574 0.437309
vt 0.536554 0.440277
vt 0.554618 0.440209
vt 0.531068 0.447958
vt 0.560159 0.447770
vt 0.531032 0.457355
vt 0.560191 0.457145
vt 0.536642 0.464894
vt 0.554636 0.464848
vt 0.545616 0.467816
vt 0.123675 0.242054
vt 0.108569 0.247123
vt 0.129534 0.271856
vt 0.112466 0.275212
vt 0.102053 0.257803
vt 0.103443 0.275212
vt 0.083739 0.255758
vt 0.083513 0.274977
vt 0.340484 0.384909
vt 0.307080 0.393008
vt 0.340220 0.425049
vt 0.310999 0.426867
vt 0.298721 0.410547
vt 0.301553 0.427096
vt 0.350872 0.400328
vt 0.349523 0.425466
vt 0.382116 0.411794
vt 0.378843 0.428261
vt 0.541723 0.280381
vt 0.544419 0.286809
vt 0.557244 0.281573
vt 0.557478 0.288451
vt 0.570048 0.286478
vt 0.569138 0.294010
vt 0.580059 0.293432
vt 0.575347 0.298434
vt 0.595857 0.292429
vt 0.596456 0.291123
vt 0.603017 0.298823
vt 0.610506 0.297131
vt 0.609803 0.297758
vt 0.275274 0.700060
vt 0.274582 0.692569
vt 0.274338 0.700169
vt 0.273996 0.692085
vt 0.267760 0.692309
vt 0.268061 0.688245
vt 0.290821 0.687732
vt 0.291800 0.692869
vt 0.274171 0.692824
vt 0.626378 0.592692
vt 0.629324 0.604582
vt 0.636842 0.591838
vt 0.638564 0.602336
vt 0.549740 0.599402
vt 0.556999 0.605545
vt 0.561189 0.583905
vt 0.570416 0.590388
vt 0.569470 0.573484
vt 0.578351 0.580042
vt 0.235164 0.164403
vt 0.148601 0.156589
vt 0.214541 0.142567
vt 0.143757 0.137162
vt 0.201720 0.135984
vt 0.196128 0.127796
vt 0.195237 0.120998
vt 0.138791 0.117809
vt 0.139175 0.113158
vt 0.196172 0.115754
vt 0.143206 0.065606
vt 0.200147 0.109993
vt 0.197839 0.064151
vt 0.208578 0.103773
vt 0.216765 0.103085
vt 0.470449 0.949763
vt 0.454479 0.957911
vt 0.489411 0.988679
vt 0.413471 0.988679
vt 0.422692 0.958457
vt 0.519392 0.424791
vt 0.522785 0.425064
vt 0.522753 0.415486
vt 0.526376 0.415682
vt 0.526508 0.393987
vt 0.530014 0.393915
vt 0.231241 0.229054
vt 0.237714 0.231097
vt 0.234993 0.221045
vt 0.239484 0.222545
vt 0.249613 0.209582
vt 0.253607 0.199059
vt 0.245696 0.180201
vt 0.246268 0.169167
vt 0.239394 0.163447
vt 0.247553 0.163038
vt 0.238103 0.156780
vt 0.231957 0.152399
vt 0.219495 0.139379
vt 0.243744 0.813467
vt 0.236799 0.813486
vt 0.240807 0.947823
vt 0.235153 0.947828
vt 0.226129 0.937109
vt 0.228498 0.815365
vt 0.626421 0.605022
vt 0.624616 0.591556
vt 0.627118 0.584808
vt 0.624129 0.584789
vt 0.413421 0.819713
vt 0.415234 0.833122
vt 0.641475 0.819713
vt 0.640273 0.840635
vt 0.420158 0.854286
vt 0.427910 0.875886
vt 0.638475 0.919723
vt 0.440123 0.901201
vt 0.454591 0.920939
vt 0.584407 0.957239
vt 0.476724 0.943382
vt 0.495324 0.956831
vt 0.378608 0.823696
vt 0.385627 0.819685
vt 0.503451 0.384779
vt 0.491469 0.398154
vt 0.506218 0.409935
vt 0.493904 0.411576
vt 0.274215 0.700346
vt 0.291898 0.699990
vt 0.292109 0.706866
vt 0.274207 0.707215
vt 0.274351 0.716814
vt 0.292323 0.716398
vt 0.128958 0.056667
vt 0.106192 0.056737
vt 0.118237 0.065218
vt 0.010660 0.065202
vt 0.143841 0.213268
vt 0.436687 0.269927
vt 0.442245 0.262659
vt 0.431891 0.264549
vt 0.435782 0.259414
vt 0.080201 0.223178
vt 0.086633 0.222806
vt 0.079810 0.217894
vt 0.086449 0.217505
vt 0.093097 0.222703
vt 0.093073 0.217402
vt 0.099741 0.217546
vt 0.099548 0.222842
vt 0.106345 0.217920
vt 0.105992 0.223208
vt 0.112943 0.218525
vt 0.112405 0.223801
vt 0.118769 0.224659
vt 0.119554 0.219421
vt 0.125146 0.225721
vt 0.126132 0.220514
vt 0.061007 0.225721
vt 0.067367 0.224636
vt 0.060051 0.220508
vt 0.066554 0.219399
vt 0.073764 0.223774
vt 0.073168 0.218504
vt 0.295220 0.735985
vt 0.294814 0.719113
vt 0.301500 0.714212
vt 0.299865 0.710566
vt 0.301510 0.705700
vt 0.301190 0.703815
vt 0.293803 0.700160
vt 0.293279 0.693234
vt 0.390657 0.193002
vt 0.465042 0.190831
vt 0.390827 0.174859
vt 0.465696 0.169885
vt 0.390102 0.161982
vt 0.465906 0.090777
vt 0.388473 0.092843
vt 0.389108 0.054429
vt 0.465042 0.053460
vt 0.639059 0.957046
vt 0.619935 0.575064
vt 0.617139 0.577868
vt 0.601623 0.562519
vt 0.604447 0.556993
vt 0.595340 0.554878
vt 0.599581 0.550917
vt 0.542618 0.273468
vt 0.557771 0.274697
vt 0.570928 0.282435
vt 0.571455 0.275558
vt 0.583083 0.283349
vt 0.583735 0.276484
vt 0.599630 0.283981
vt 0.600163 0.277453
vt 0.610079 0.277963
vt 0.614779 0.285977
vt 0.268128 0.707080
vt 0.268101 0.700412
vt 0.465712 0.326704
vt 0.464536 0.334398
vt 0.474701 0.324236
vt 0.469797 0.367494
vt 0.476194 0.369558
vt 0.479041 0.384314
vt 0.569994 0.122826
vt 0.550851 0.120196
vt 0.558198 0.133294
vt 0.553365 0.132261
vt 0.104499 0.164615
vt 0.102979 0.159913
vt 0.023458 0.164638
vt 0.023461 0.159972
vt 0.097295 0.141321
vt 0.017052 0.141048
vt 0.091538 0.122628
vt 0.010642 0.122079
vt 0.524381 0.106166
vt 0.536263 0.107789
vt 0.523192 0.101645
vt 0.533493 0.089690
vt 0.534834 0.067937
vt 0.544339 0.072574
vt 0.454344 0.226117
vt 0.463266 0.227925
vt 0.458184 0.224264
vt 0.468633 0.225020
vt 0.471618 0.231487
vt 0.476285 0.228010
vt 0.479164 0.236491
vt 0.428488 0.909084
vt 0.425839 0.900528
vt 0.419104 0.913131
vt 0.414504 0.906330
vt 0.418961 0.894556
vt 0.392037 0.227779
vt 0.401124 0.236491
vt 0.399383 0.226175
vt 0.409680 0.233291
vt 0.410290 0.220968
vt 0.418395 0.230658
vt 0.419392 0.215742
vt 0.427306 0.228582
vt 0.433748 0.218218
vt 0.436245 0.227001
vt 0.442317 0.215401
vt 0.445282 0.226265
vt 0.448566 0.216898
vt 0.220320 0.973842
vt 0.215923 0.968031
vt 0.211704 0.975373
vt 0.207755 0.969078
vt 0.222077 0.788847
vt 0.230203 0.787514
vt 0.221574 0.778129
vt 0.232925 0.777779
vt 0.235134 0.754362
vt 0.217124 0.631329
vt 0.233994 0.630823
vt 0.242112 0.632503
vt 0.242112 0.754270
vt 0.234199 0.777864
vt 0.240810 0.778623
vt 0.232865 0.787885
vt 0.239247 0.791403
vt 0.371707 0.673947
vt 0.353547 0.677422
vt 0.372960 0.683915
vt 0.352896 0.684179
vt 0.354606 0.700653
vt 0.233969 0.994679
vt 0.250432 0.996492
vt 0.236408 0.988574
vt 0.250340 0.908198
vt 0.245266 0.813400
vt 0.250432 0.812585
vt 0.407064 0.344022
vt 0.420817 0.357262
vt 0.408573 0.336251
vt 0.429558 0.335890
vt 0.408573 0.336271
vt 0.406829 0.311584
vt 0.432919 0.311262
vt 0.405799 0.295426
vt 0.433194 0.287849
vt 0.452698 0.310477
vt 0.433232 0.287849
vt 0.457866 0.284659
vt 0.433341 0.287756
vt 0.461563 0.271565
vt 0.472104 0.287892
vt 0.461575 0.271569
vt 0.476216 0.266499
vt 0.470738 0.253025
vt 0.477774 0.253059
vt 0.498996 0.070601
vt 0.507114 0.070516
vt 0.498839 0.057072
vt 0.507029 0.056986
vt 0.624311 0.285442
vt 0.639796 0.277100
vt 0.622010 0.282079
vt 0.624143 0.257931
vt 0.614001 0.283356
vt 0.315406 0.787816
vt 0.316850 0.777970
vt 0.312928 0.786812
vt 0.314638 0.776945
vt 0.351481 0.704263
vt 0.356944 0.720199
vt 0.212355 0.994503
vt 0.229162 0.993341
vt 0.231329 0.987801
vt 0.223421 0.961346
vt 0.620800 0.534642
vt 0.630439 0.534963
vt 0.623701 0.553016
vt 0.632544 0.553658
vt 0.623981 0.568042
vt 0.632812 0.567584
vt 0.324093 0.777698
vt 0.324321 0.789585
vt 0.166367 0.636909
vt 0.169660 0.661136
vt 0.174401 0.792242
vt 0.348447 0.778509
vt 0.167186 0.636812
vt 0.165545 0.636885
vt 0.292207 0.791950
vt 0.102846 0.789102
vt 0.054805 0.784808
vt 0.053601 0.785493
vt 0.053425 0.784925
vt 0.051201 0.777494
vt 0.053478 0.785956
vt 0.052004 0.800813
vt 0.289445 0.784245
vt 0.288971 0.781614
vt 0.267470 0.784421
vt 0.267874 0.781771
vt 0.559356 0.348630
vt 0.545710 0.348267
vt 0.553035 0.363706
vt 0.535119 0.365516
vt 0.544107 0.371679
vt 0.533309 0.377631
vt 0.516994 0.581542
vt 0.526316 0.597884
vt 0.547622 0.609828
vt 0.524864 0.611736
vt 0.532655 0.614994
vt 0.541733 0.613618
vt 0.392037 0.340730
vt 0.629218 0.290576
vt 0.569994 0.062491
vt 0.570430 0.055403
vt 0.565992 0.062644
vt 0.557433 0.059778
vt 0.476640 0.192852
vt 0.483815 0.191770
vt 0.474672 0.174667
vt 0.481722 0.173748
vt 0.476536 0.162136
vt 0.483854 0.161027
vt 0.477401 0.092949
vt 0.484532 0.091872
vt 0.478898 0.061044
vt 0.483815 0.053460
vt 0.406347 0.983114
vt 0.408147 0.957296
vt 0.393204 0.961759
vt 0.512005 0.277990
vt 0.492073 0.293205
vt 0.510281 0.309884
vt 0.488453 0.311302
vt 0.509416 0.379071
vt 0.507746 0.391629
vt 0.422672 0.210849
vt 0.435999 0.216337
vt 0.441732 0.203376
vt 0.444427 0.211983
vt 0.444205 0.201799
vt 0.452631 0.207026
vt 0.457167 0.212166
vt 0.458656 0.217280
vt 0.459752 0.369954
vt 0.462047 0.358068
vt 0.635264 0.585016
vt 0.633539 0.575997
vt 0.624996 0.574687
vt 0.269566 0.773360
vt 0.266650 0.773185
vt 0.269660 0.779019
vt 0.276628 0.778798
vt 0.425974 0.926835
vt 0.415958 0.925871
vt 0.412807 0.941740
vt 0.237226 0.995205
vt 0.238424 0.988741
vt 0.232649 0.993843
vt 0.233444 0.987947
vt 0.496287 0.966910
vt 0.111580 0.202070
vt 0.023530 0.212361
vt 0.558804 0.244257
vt 0.553739 0.246782
vt 0.565862 0.248786
vt 0.565591 0.256304
vt 0.578080 0.261963
vt 0.591693 0.254235
vt 0.590153 0.264392
vt 0.615472 0.244257
vt 0.104170 0.785026
vt 0.293431 0.787842
vt 0.120851 0.194927
vt 0.114036 0.177175
vt 0.376005 0.714557
vt 0.375419 0.705847
vt 0.595977 0.591410
vt 0.581406 0.596966
vt 0.596366 0.592636
vt 0.579876 0.600549
vt 0.266193 0.640849
vt 0.270613 0.656475
vt 0.269477 0.638753
vt 0.287780 0.639286
vt 0.273404 0.672411
vt 0.286341 0.677610
vt 0.280542 0.683423
vt 0.614490 0.595107
vt 0.596507 0.591357
vt 0.614916 0.592666
vt 0.583620 0.527074
vt 0.589359 0.544417
vt 0.585952 0.526237
vt 0.595339 0.542617
vt 0.354745 0.668772
vt 0.374403 0.669809
vt 0.360392 0.653320
vt 0.371156 0.651772
vt 0.360985 0.640541
vt 0.342694 0.640488
vt 0.361446 0.651406
vt 0.342504 0.659114
vt 0.331853 0.662049
vt 0.324406 0.640189
vt 0.327281 0.666329
vt 0.323275 0.672726
vt 0.306040 0.639835
vt 0.311650 0.686499
vt 0.305080 0.678315
vt 0.293429 0.675101
vt 0.075703 0.667944
vt 0.078193 0.656667
vt 0.069995 0.666561
vt 0.072979 0.655402
vt 0.058336 0.657834
vt 0.069781 0.656274
vt 0.057653 0.652032
vt 0.069151 0.650933
vt 0.057214 0.646225
vt 0.068748 0.645582
vt 0.068573 0.640290
vt 0.057024 0.640382
vt 0.068618 0.634922
vt 0.057074 0.634593
vt 0.079351 0.627259
vt 0.076985 0.638562
vt 0.085003 0.628563
vt 0.082212 0.639765
vt 0.096840 0.637319
vt 0.085402 0.638885
vt 0.097518 0.643078
vt 0.086029 0.644226
vt 0.097971 0.648885
vt 0.086445 0.649576
vt 0.098202 0.654702
vt 0.086654 0.654959
vt 0.098187 0.660533
vt 0.086641 0.660268
vt 0.315228 0.898854
vt 0.327543 0.901332
vt 0.309332 0.888173
vt 0.338362 0.895202
vt 0.311670 0.875960
vt 0.340700 0.882990
vt 0.322446 0.869889
vt 0.334454 0.872049
vt 0.190495 0.381059
vt 0.251009 0.357967
vt 0.186261 0.366898
vt 0.248939 0.351242
vt 0.183661 0.352438
vt 0.247737 0.344310
vt 0.247241 0.337765
vt 0.182635 0.338451
vt 0.247531 0.330298
vt 0.183229 0.323131
vt 0.248597 0.323345
vt 0.185572 0.308575
vt 0.250517 0.316530
vt 0.189576 0.294439
vt 0.253276 0.310078
vt 0.195236 0.280806
vt 0.256797 0.303923
vt 0.202538 0.267997
vt 0.211801 0.255754
vt 0.261271 0.297938
vt 0.212197 0.418451
vt 0.261271 0.375806
vt 0.203773 0.407268
vt 0.257328 0.370561
vt 0.196321 0.394546
vt 0.253806 0.364471
vt 0.384939 0.917979
vt 0.384118 0.905839
vt 0.348988 0.919241
vt 0.347858 0.906729
vt 0.382411 0.894515
vt 0.345194 0.894584
vt 0.379578 0.883337
vt 0.375777 0.872523
vt 0.370869 0.862171
vt 0.364452 0.851789
vt 0.371709 0.983300
vt 0.376031 0.973494
vt 0.339366 0.967045
vt 0.343933 0.955731
vt 0.379583 0.962607
vt 0.347082 0.943770
vt 0.382173 0.951460
vt 0.383960 0.940068
vt 0.348673 0.931437
vt 0.384845 0.928697
vt 0.178644 0.372224
vt 0.185541 0.384960
vt 0.176311 0.378046
vt 0.164989 0.376675
vt 0.164058 0.370457
vt 0.155052 0.380693
vt 0.151077 0.375764
vt 0.147575 0.390292
vt 0.141744 0.387927
vt 0.139990 0.402566
vt 0.146197 0.401661
vt 0.145817 0.416053
vt 0.150758 0.412253
vt 0.157609 0.424932
vt 0.159942 0.419110
vt 0.171322 0.420437
vt 0.172252 0.426654
vt 0.186315 0.420496
vt 0.182499 0.415534
vt 0.194567 0.409185
vt 0.188736 0.406820
vt 0.190114 0.395451
vt 0.106750 0.784299
vt 0.105353 0.775739
vt 0.275792 0.485015
vt 0.594083 0.479944
vt 0.212849 0.793102
vt 0.222314 0.788833
vt 0.337052 0.731847
vt 0.342862 0.740456
vt 0.339897 0.724983
vt 0.381607 0.746083
vt 0.381807 0.746875
vt 0.379299 0.732842
vt 0.754143 0.161431
vt 0.674621 0.156705
vt 0.754139 0.156764
vt 0.680305 0.138114
vt 0.760549 0.137841
vt 0.686062 0.119421
vt 0.766958 0.118872
vt 0.766903 0.114121
vt 0.685936 0.114747
vt 0.766885 0.081389
vt 0.673806 0.081212
vt 0.691839 0.217402
vt 0.691815 0.222703
vt 0.685364 0.222842
vt 0.685171 0.217546
vt 0.678920 0.223207
vt 0.678567 0.217919
vt 0.672507 0.223800
vt 0.671968 0.218524
vt 0.665357 0.219420
vt 0.666143 0.224659
vt 0.658779 0.220513
vt 0.659765 0.225720
vt 0.724861 0.220508
vt 0.718358 0.219398
vt 0.723905 0.225720
vt 0.717544 0.224635
vt 0.711744 0.218504
vt 0.711148 0.223773
vt 0.570338 0.325827
vt 0.570237 0.332060
vt 0.599104 0.327017
vt 0.599026 0.331800
vt 0.607583 0.332736
vt 0.622224 0.332871
vt 0.632797 0.328091
vt 0.632746 0.331715
vt 0.622242 0.339175
vt 0.632722 0.334231
vt 0.632718 0.337774
vt 0.622322 0.345478
vt 0.632742 0.340382
vt 0.632774 0.343988
vt 0.632821 0.346597
vt 0.632867 0.350221
vt 0.622432 0.351710
vt 0.633119 0.315714
vt 0.622713 0.314037
vt 0.633000 0.319318
vt 0.608003 0.313496
vt 0.599258 0.318763
vt 0.599414 0.314028
vt 0.570506 0.318468
vt 0.570769 0.312170
vt 0.599135 0.351397
vt 0.599050 0.346614
vt 0.570456 0.352629
vt 0.570346 0.346396
vt 0.599030 0.344918
vt 0.598993 0.340180
vt 0.570348 0.346057
vt 0.570243 0.339754
vt 0.598980 0.338339
vt 0.599019 0.333601
vt 0.570235 0.339015
vt 0.570242 0.332711
vt 0.010579 0.056667
vt 0.143206 0.221779
vt 0.231201 0.229035
vt 0.444756 0.253909
vt 0.437567 0.253200
vt 0.443935 0.244811
vt 0.436981 0.246775
vt 0.396050 0.244832
vt 0.395292 0.253908
vt 0.403009 0.246775
vt 0.402471 0.253207
vt 0.397839 0.262596
vt 0.404290 0.259385
vt 0.403355 0.269809
vt 0.408175 0.264498
vt 0.411109 0.274579
vt 0.413681 0.267887
vt 0.420013 0.276267
vt 0.420021 0.269082
vt 0.428934 0.274650
vt 0.426368 0.267909
vt 0.538926 0.119242
vt 0.507312 0.092245
vt 0.499194 0.092384
vt 0.507505 0.115194
vt 0.499315 0.115334
vt 0.507616 0.143300
vt 0.499353 0.143376
vt 0.507733 0.167772
vt 0.499325 0.167851
vt 0.508049 0.199292
vt 0.499648 0.200246
vt 0.508494 0.222240
vt 0.498839 0.225289
vt 0.411242 0.404983
vt 0.424311 0.383605
vt 0.405799 0.394622
vt 0.416842 0.376870
vt 0.443097 0.357212
vt 0.455256 0.335971
vt 0.465548 0.309885
vt 0.594083 0.562063
vt 0.373203 0.677004
vt 0.607525 0.339200
vt 0.607604 0.345666
vt 0.607716 0.352043
vt 0.739993 0.407126
vt 0.749345 0.407121
vt 0.740788 0.403124
vt 0.750285 0.403150
vt 0.750979 0.403149
vt 0.750216 0.407157
vt 0.760354 0.403100
vt 0.761173 0.407119
vt 0.659717 0.403100
vt 0.660690 0.407085
vt 0.669091 0.403149
vt 0.669869 0.407155
vt 0.669786 0.403150
vt 0.670726 0.407121
vt 0.679282 0.403124
vt 0.680077 0.407126
vt 0.679983 0.403137
vt 0.680939 0.407103
vt 0.689479 0.403075
vt 0.690232 0.407076
vt 0.691089 0.407035
vt 0.698657 0.407036
vt 0.690187 0.403065
vt 0.699625 0.403030
vt 0.699549 0.407080
vt 0.710459 0.407001
vt 0.700316 0.403031
vt 0.709713 0.402966
vt 0.710357 0.402966
vt 0.711262 0.406968
vt 0.719755 0.403031
vt 0.720534 0.407078
vt 0.720445 0.403030
vt 0.721413 0.407036
vt 0.729883 0.403065
vt 0.728981 0.407035
vt 0.729839 0.407076
vt 0.739131 0.407103
vt 0.730592 0.403075
vt 0.740087 0.403137
vt 0.707938 0.384196
vt 0.710312 0.313243
vt 0.701135 0.384205
vt 0.697917 0.313326
vt 0.685521 0.313393
vt 0.695550 0.384238
vt 0.687866 0.384270
vt 0.673126 0.313477
vt 0.682269 0.384234
vt 0.675466 0.384322
vt 0.660910 0.313510
vt 0.670082 0.384295
vt 0.663432 0.384374
vt 0.648694 0.313507
vt 0.657734 0.384348
vt 0.651912 0.384317
vt 0.769481 0.384395
vt 0.771930 0.313553
vt 0.762678 0.384296
vt 0.759535 0.313451
vt 0.757081 0.384323
vt 0.749397 0.384280
vt 0.747140 0.313364
vt 0.734745 0.313262
vt 0.743812 0.384238
vt 0.737009 0.384219
vt 0.722528 0.313234
vt 0.731534 0.384182
vt 0.724883 0.384231
vt 0.725901 0.389404
vt 0.731401 0.389493
vt 0.738066 0.389425
vt 0.743561 0.389452
vt 0.750437 0.389396
vt 0.755945 0.389456
vt 0.762849 0.389551
vt 0.768401 0.389516
vt 0.651984 0.389550
vt 0.657484 0.389596
vt 0.664465 0.389525
vt 0.669966 0.389527
vt 0.676537 0.389444
vt 0.682090 0.389488
vt 0.688994 0.389405
vt 0.694502 0.389352
vt 0.701378 0.389419
vt 0.706873 0.389401
vt 0.713479 0.389480
vt 0.718980 0.389460
vt 0.713413 0.384168
vt 0.719235 0.384193
vt 0.710327 0.294973
vt 0.722543 0.294891
vt 0.717091 0.249834
vt 0.706412 0.249498
vt 0.704127 0.249854
vt 0.697930 0.294984
vt 0.693177 0.249679
vt 0.690132 0.249678
vt 0.685535 0.295051
vt 0.679284 0.249876
vt 0.673081 0.295136
vt 0.668430 0.249691
vt 0.666166 0.249907
vt 0.660887 0.295168
vt 0.655498 0.249920
vt 0.648694 0.295166
vt 0.653233 0.249709
vt 0.772004 0.295213
vt 0.765871 0.249944
vt 0.759550 0.295109
vt 0.755024 0.249729
vt 0.747155 0.295022
vt 0.751979 0.249725
vt 0.741028 0.249883
vt 0.734758 0.294992
vt 0.730370 0.249661
vt 0.728064 0.249842
vt 0.704639 0.247404
vt 0.729305 0.247395
vt 0.753444 0.247695
vt 0.654324 0.247377
vt 0.667333 0.247361
vt 0.691715 0.247647
vt 0.338143 0.920371
vt 0.336614 0.925709
vt 0.344522 0.921188
vt 0.342370 0.928444
vt 0.332396 0.929240
vt 0.333963 0.935397
vt 0.326911 0.929652
vt 0.324692 0.935626
vt 0.322093 0.926892
vt 0.318090 0.931925
vt 0.313629 0.923774
vt 0.319708 0.921926
vt 0.314480 0.914462
vt 0.320561 0.916497
vt 0.324312 0.912474
vt 0.322031 0.906522
vt 0.326499 0.911584
vt 0.331993 0.911851
vt 0.325798 0.905248
vt 0.334933 0.906153
vt 0.336390 0.915148
vt 0.342036 0.912235
vt 0.560694 0.532799
vt 0.565696 0.532743
vt 0.560665 0.523302
vt 0.565667 0.523305
vt 0.560663 0.513806
vt 0.565664 0.513809
vt 0.560633 0.504368
vt 0.565636 0.504312
vt 0.560542 0.494971
vt 0.565543 0.494938
vt 0.565511 0.485563
vt 0.560508 0.485574
vt 0.565413 0.476067
vt 0.560412 0.476136
vt 0.565289 0.466572
vt 0.560288 0.466641
vt 0.560066 0.438396
vt 0.565069 0.438340
vt 0.401690 0.512982
vt 0.401876 0.513321
vt 0.395904 0.505195
vt 0.396128 0.505467
vt 0.389312 0.498034
vt 0.409722 0.588403
vt 0.412632 0.578666
vt 0.412558 0.579031
vt 0.414355 0.569044
vt 0.414327 0.569414
vt 0.415056 0.559277
vt 0.415053 0.559643
vt 0.414437 0.549577
vt 0.669477 0.397064
vt 0.659392 0.397014
vt 0.669441 0.401487
vt 0.659379 0.401436
vt 0.679662 0.401444
vt 0.689810 0.401370
vt 0.699973 0.401329
vt 0.710035 0.401299
vt 0.720097 0.401329
vt 0.730260 0.401370
vt 0.740408 0.401444
vt 0.750629 0.401487
vt 0.760691 0.401436
vt 0.760678 0.397014
vt 0.750593 0.397064
vt 0.414476 0.549945
vt 0.412958 0.539975
vt 0.413038 0.540332
vt 0.410191 0.530576
vt 0.410296 0.530932
vt 0.406436 0.521546
vt 0.406586 0.521888
vt 0.730283 0.396949
vt 0.720120 0.396907
vt 0.710035 0.396875
vt 0.699950 0.396907
vt 0.689787 0.396949
vt 0.679640 0.397022
vt 0.740431 0.397022
vt 0.325512 0.980357
vt 0.329179 0.968287
vt 0.322520 0.978237
vt 0.325533 0.968317
vt 0.325006 0.956338
vt 0.322131 0.958572
vt 0.313717 0.952606
vt 0.314770 0.949138
vt 0.302259 0.949429
vt 0.303406 0.952884
vt 0.292145 0.957038
vt 0.295158 0.959091
vt 0.288479 0.969107
vt 0.292144 0.969009
vt 0.292650 0.981057
vt 0.295525 0.978824
vt 0.303960 0.984721
vt 0.302885 0.988258
vt 0.315396 0.987969
vt 0.314249 0.984513
vt 0.489623 0.540318
vt 0.489926 0.543161
vt 0.490757 0.558724
vt 0.490719 0.561645
vt 0.489650 0.577367
vt 0.489291 0.580193
vt 0.486475 0.595669
vt 0.485797 0.598456
vt 0.481211 0.613593
vt 0.443137 0.444618
vt 0.453708 0.456040
vt 0.455546 0.458276
vt 0.464704 0.470859
vt 0.466270 0.473301
vt 0.473942 0.487133
vt 0.475191 0.489715
vt 0.481204 0.504251
vt 0.482149 0.506937
vt 0.486505 0.522082
vt 0.487158 0.524929
vt 0.031670 0.774457
vt 0.033234 0.800701
vt 0.101909 0.608140
vt 0.103473 0.581897
vt 0.096704 0.573140
vt 0.096547 0.547230
vt 0.096535 0.546761
vt 0.096455 0.520158
vt 0.096455 0.519684
vt 0.096577 0.493183
vt 0.096581 0.492760
vt 0.097129 0.467255
vt 0.038014 0.659815
vt 0.038562 0.685321
vt 0.038566 0.685744
vt 0.038688 0.712244
vt 0.038688 0.712718
vt 0.038608 0.739321
vt 0.038596 0.739791
vt 0.038439 0.765701
vt 0.068415 0.966341
vt 0.068463 0.977159
vt 0.068477 0.984490
vt 0.068468 0.995309
vt 0.068209 0.819830
vt 0.068188 0.830675
vt 0.068127 0.838089
vt 0.068071 0.848962
vt 0.068045 0.856477
vt 0.068056 0.867322
vt 0.068070 0.874807
vt 0.068079 0.885626
vt 0.068095 0.893092
vt 0.068131 0.903910
vt 0.068134 0.911340
vt 0.068127 0.922184
vt 0.068146 0.929747
vt 0.068211 0.940621
vt 0.068295 0.948105
vt 0.068346 0.958950
vt 0.066555 0.948048
vt 0.066603 0.958951
vt 0.066674 0.966290
vt 0.066723 0.977178
vt 0.066736 0.984478
vt 0.066727 0.995297
vt 0.066469 0.819792
vt 0.066449 0.830695
vt 0.066388 0.838114
vt 0.066403 0.848914
vt 0.066377 0.856442
vt 0.066390 0.867346
vt 0.066403 0.874820
vt 0.066412 0.885638
vt 0.066428 0.893086
vt 0.066464 0.903974
vt 0.066466 0.911359
vt 0.066459 0.922262
vt 0.066476 0.929796
vt 0.066470 0.940597
vt 0.055491 0.932672
vt 0.055534 0.937819
vt 0.055644 0.950920
vt 0.055615 0.956153
vt 0.055722 0.969228
vt 0.055731 0.974408
vt 0.055759 0.987307
vt 0.055778 0.992487
vt 0.055534 0.822660
vt 0.055530 0.827851
vt 0.055455 0.840900
vt 0.055416 0.846047
vt 0.055367 0.859221
vt 0.055364 0.864412
vt 0.055345 0.877630
vt 0.055368 0.882810
vt 0.055391 0.895942
vt 0.055381 0.901122
vt 0.055395 0.914256
vt 0.055448 0.919489
vt 0.047281 0.898514
vt 0.052374 0.905406
vt 0.047506 0.907083
vt 0.042504 0.905546
vt 0.039322 0.901458
vt 0.039078 0.896284
vt 0.041901 0.891929
vt 0.046688 0.890034
vt 0.051731 0.891261
vt 0.055111 0.895187
vt 0.300034 0.992281
vt 0.289799 0.985080
vt 0.287984 0.982651
vt 0.283745 0.970726
vt 0.283709 0.967596
vt 0.287376 0.955528
vt 0.289185 0.953005
vt 0.299299 0.945395
vt 0.302159 0.944427
vt 0.314670 0.944136
vt 0.317635 0.945037
vt 0.327871 0.952237
vt 0.329709 0.954632
vt 0.333882 0.966581
vt 0.333983 0.969685
vt 0.330317 0.981753
vt 0.328543 0.984338
vt 0.318386 0.991889
vt 0.315527 0.992897
vt 0.303016 0.993187
vt 0.713935 0.516395
vt 0.696110 0.511535
vt 0.698645 0.521416
vt 0.693010 0.511695
vt 0.678586 0.508176
vt 0.691186 0.521731
vt 0.675561 0.517876
vt 0.675220 0.506207
vt 0.665330 0.495237
vt 0.668129 0.513484
vt 0.657360 0.501566
vt 0.663847 0.492217
vt 0.661379 0.477639
vt 0.653941 0.494556
vt 0.651256 0.478691
vt 0.669672 0.458136
vt 0.681824 0.449740
vt 0.663375 0.450140
vt 0.676643 0.440985
vt 0.685575 0.448590
vt 0.700422 0.448517
vt 0.684908 0.438439
vt 0.700978 0.438332
vt 0.703378 0.449382
vt 0.715975 0.457112
vt 0.708117 0.440350
vt 0.721831 0.448729
vt 0.718177 0.459593
vt 0.724563 0.472912
vt 0.727080 0.454562
vt 0.734044 0.469100
vt 0.725069 0.475983
vt 0.723349 0.490669
vt 0.735273 0.476522
vt 0.733401 0.492503
vt 0.722143 0.493547
vt 0.712844 0.505022
vt 0.730482 0.499452
vt 0.720368 0.511930
vt 0.710146 0.506910
vt 0.694635 0.501357
vt 0.693631 0.501429
vt 0.682844 0.498713
vt 0.681596 0.498020
vt 0.674131 0.489773
vt 0.673600 0.488729
vt 0.671737 0.477724
vt 0.676976 0.465481
vt 0.686176 0.459124
vt 0.687541 0.458746
vt 0.698642 0.458647
vt 0.699602 0.458949
vt 0.709118 0.464786
vt 0.709803 0.465576
vt 0.714629 0.475664
vt 0.714780 0.476603
vt 0.713482 0.487688
vt 0.713118 0.488567
vt 0.706104 0.497201
vt 0.705247 0.497822
vt 0.693955 0.492834
vt 0.693705 0.492879
vt 0.686715 0.491112
vt 0.686389 0.490964
vt 0.681616 0.485669
vt 0.681437 0.485344
vt 0.680252 0.478341
vt 0.683310 0.471204
vt 0.689178 0.467155
vt 0.689529 0.467086
vt 0.696738 0.466982
vt 0.696971 0.467084
vt 0.703027 0.470857
vt 0.703146 0.471019
vt 0.706267 0.477480
vt 0.706288 0.477651
vt 0.705461 0.484706
vt 0.705402 0.484868
vt 0.700872 0.490432
vt 0.700719 0.490563
vt 0.759708 0.538498
vt 0.746243 0.529742
vt 0.753594 0.546721
vt 0.741175 0.538647
vt 0.738122 0.527468
vt 0.722038 0.528007
vt 0.737791 0.537709
vt 0.723021 0.538231
vt 0.714102 0.530817
vt 0.701255 0.540510
vt 0.719742 0.539401
vt 0.707906 0.548262
vt 0.696351 0.547401
vt 0.691410 0.562684
vt 0.705858 0.551134
vt 0.701317 0.565189
vt 0.692511 0.577470
vt 0.699664 0.591883
vt 0.701935 0.573521
vt 0.708508 0.586765
vt 0.705532 0.597972
vt 0.719696 0.605669
vt 0.710979 0.589327
vt 0.723959 0.596374
vt 0.728044 0.607262
vt 0.744003 0.605366
vt 0.727462 0.597053
vt 0.742140 0.595266
vt 0.751617 0.601950
vt 0.763638 0.591284
vt 0.745285 0.593864
vt 0.756349 0.584065
vt 0.767977 0.584004
vt 0.771661 0.568310
vt 0.758165 0.581012
vt 0.761559 0.566593
vt 0.771031 0.559940
vt 0.765048 0.545004
vt 0.761295 0.563137
vt 0.755798 0.549412
vt 0.751154 0.565247
vt 0.747004 0.554886
vt 0.746480 0.554250
vt 0.737156 0.548182
vt 0.736339 0.547953
vt 0.725220 0.548278
vt 0.724422 0.548560
vt 0.715517 0.555329
vt 0.715025 0.556018
vt 0.711591 0.566599
vt 0.711887 0.570604
vt 0.716850 0.580602
vt 0.717448 0.581221
vt 0.727271 0.586565
vt 0.728098 0.586719
vt 0.739184 0.585414
vt 0.739956 0.585067
vt 0.748246 0.577684
vt 0.748680 0.576961
vt 0.751214 0.566069
vt 0.739081 0.571697
vt 0.740357 0.566449
vt 0.738363 0.561470
vt 0.733817 0.558555
vt 0.728456 0.558730
vt 0.724114 0.561996
vt 0.722499 0.567105
vt 0.722606 0.568521
vt 0.724990 0.573325
vt 0.729686 0.575906
vt 0.735081 0.575271
vt 0.731415 0.567142
vt 0.683917 0.484189
vt 0.682974 0.478615
vt 0.685207 0.473175
vt 0.689926 0.470040
vt 0.695586 0.469935
vt 0.700414 0.472892
vt 0.702819 0.477975
vt 0.702162 0.483590
vt 0.698647 0.487979
vt 0.693266 0.489740
vt 0.687784 0.488330
vt 0.693399 0.479717
vt 0.019469 0.523002
vt 0.022350 0.534042
vt 0.020996 0.522538
vt 0.023895 0.533634
vt 0.292432 0.436597
vt 0.303800 0.436611
vt 0.292377 0.435000
vt 0.303815 0.435015
vt 0.310494 0.434951
vt 0.310537 0.436546
vt 0.321930 0.434737
vt 0.321972 0.436333
vt 0.023895 0.445920
vt 0.022356 0.445496
vt 0.020584 0.456900
vt 0.019063 0.456421
vt 0.017369 0.467818
vt 0.015827 0.467407
vt 0.014155 0.478826
vt 0.012630 0.478360
vt 0.010880 0.489785
vt 0.009360 0.489297
vt 0.009377 0.490322
vt 0.014508 0.500631
vt 0.012977 0.501082
vt 0.017899 0.511587
vt 0.016350 0.511981
vt 0.044670 0.501464
vt 0.039210 0.496988
vt 0.035098 0.507780
vt 0.033227 0.501002
vt 0.023721 0.507461
vt 0.025980 0.500797
vt 0.020219 0.496470
vt 0.017931 0.489670
vt 0.019997 0.482728
vt 0.023140 0.471700
vt 0.025613 0.478215
vt 0.034500 0.471005
vt 0.032849 0.477771
vt 0.044277 0.476999
vt 0.038963 0.481583
vt 0.048865 0.487476
vt 0.041872 0.488216
vt 0.046573 0.498681
vt 0.040409 0.495239
vt 0.041746 0.488307
vt 0.030096 0.489187
vt 0.040019 0.495270
vt 0.034561 0.499974
vt 0.027333 0.500525
vt 0.021224 0.496706
vt 0.018461 0.490085
vt 0.020170 0.483046
vt 0.025621 0.478335
vt 0.038986 0.481610
vt 0.263734 0.472612
vt 0.265499 0.461340
vt 0.328833 0.436235
vt 0.340242 0.436048
vt 0.347008 0.435866
vt 0.358457 0.435526
vt 0.365342 0.435349
vt 0.376746 0.435000
vt 0.405021 0.675047
vt 0.394377 0.670923
vt 0.298305 0.293256
vt 0.301224 0.304220
vt 0.573799 0.508092
vt 0.577431 0.497276
vt 0.579187 0.491355
vt 0.582145 0.480290
vt 0.056668 0.449699
vt 0.053424 0.450471
vt 0.059828 0.450946
vt 0.051229 0.453019
vt 0.050924 0.456421
vt 0.061562 0.453835
vt 0.052729 0.459295
vt 0.061327 0.457222
vt 0.059133 0.459770
vt 0.055818 0.460558
vt 0.052505 0.459424
vt 0.049880 0.461905
vt 0.055373 0.461129
vt 0.054417 0.464660
vt 0.059332 0.459928
vt 0.061512 0.462813
vt 0.060038 0.450830
vt 0.062669 0.448413
vt 0.057098 0.449127
vt 0.058060 0.445662
vt 0.051006 0.447451
vt 0.053238 0.450322
vt 0.639172 0.328292
vt 0.635870 0.329947
vt 0.638926 0.331908
vt 0.635744 0.333604
vt 0.635919 0.326287
vt 0.636168 0.326299
vt 0.740464 0.793259
vt 0.723155 0.786605
vt 0.724754 0.796750
vt 0.719688 0.786290
vt 0.706015 0.780663
vt 0.716368 0.796009
vt 0.701509 0.789829
vt 0.703315 0.778392
vt 0.695410 0.765915
vt 0.695040 0.784380
vt 0.686442 0.770813
vt 0.694499 0.762463
vt 0.695225 0.747695
vt 0.684282 0.762614
vt 0.685071 0.746543
vt 0.698744 0.740130
vt 0.709555 0.730066
vt 0.691312 0.733118
vt 0.703107 0.722130
vt 0.712778 0.728535
vt 0.727437 0.726604
vt 0.710794 0.718504
vt 0.726721 0.716358
vt 0.730833 0.727176
vt 0.743992 0.733904
vt 0.734947 0.717766
vt 0.749249 0.725095
vt 0.746512 0.736408
vt 0.753397 0.749523
vt 0.755267 0.731062
vt 0.762751 0.745340
vt 0.754004 0.752936
vt 0.752105 0.767599
vt 0.764229 0.753602
vt 0.762162 0.769559
vt 0.750642 0.770754
vt 0.740631 0.781672
vt 0.758615 0.777191
vt 0.747761 0.789031
vt 0.737588 0.783425
vt 0.722777 0.776327
vt 0.721934 0.776253
vt 0.711622 0.771920
vt 0.710973 0.771376
vt 0.705008 0.761986
vt 0.704788 0.761154
vt 0.705335 0.750006
vt 0.707031 0.746366
vt 0.715210 0.738739
vt 0.715972 0.738383
vt 0.727033 0.736881
vt 0.727867 0.737025
vt 0.737738 0.742105
vt 0.738338 0.742697
vt 0.743509 0.752612
vt 0.743656 0.753423
vt 0.742223 0.764492
vt 0.741874 0.765239
vt 0.734360 0.773441
vt 0.733625 0.773867
vt 0.723302 0.765398
vt 0.718283 0.763319
vt 0.715444 0.758775
vt 0.715707 0.753418
vt 0.716305 0.752130
vt 0.720208 0.748459
vt 0.725591 0.747727
vt 0.730356 0.750190
vt 0.732901 0.754953
vt 0.732212 0.760272
vt 0.728538 0.764230
vt 0.724069 0.756513
vt 0.691695 0.655712
vt 0.697256 0.659438
vt 0.698838 0.656691
vt 0.701585 0.663086
vt 0.699053 0.656827
vt 0.704474 0.661466
vt 0.703201 0.668472
vt 0.704567 0.661644
vt 0.706684 0.668499
vt 0.706679 0.668672
vt 0.704803 0.675523
vt 0.701708 0.673924
vt 0.704720 0.675675
vt 0.699406 0.680496
vt 0.697574 0.677736
vt 0.699236 0.680602
vt 0.692208 0.681833
vt 0.691991 0.678670
vt 0.691953 0.681840
vt 0.685307 0.679044
vt 0.686782 0.676454
vt 0.685008 0.678849
vt 0.681083 0.672897
vt 0.683580 0.671779
vt 0.680955 0.672549
vt 0.680834 0.665447
vt 0.683484 0.666127
vt 0.686508 0.661084
vt 0.691644 0.658692
vt 0.684929 0.658850
vt 0.691337 0.655727
vt 0.693626 0.668781
vt 0.731257 0.687424
vt 0.735505 0.671905
vt 0.721593 0.684102
vt 0.725498 0.669841
vt 0.735401 0.664368
vt 0.730695 0.649011
vt 0.725457 0.666721
vt 0.721132 0.652598
vt 0.726402 0.642462
vt 0.714104 0.632081
vt 0.719337 0.649838
vt 0.708054 0.640293
vt 0.707306 0.628996
vt 0.691375 0.626719
vt 0.705240 0.638984
vt 0.690547 0.636846
vt 0.682840 0.628008
vt 0.668392 0.635026
vt 0.686690 0.637411
vt 0.673411 0.643879
vt 0.652114 0.661443
vt 0.652388 0.677531
vt 0.662280 0.661922
vt 0.662532 0.676705
vt 0.654711 0.684963
vt 0.663585 0.698421
vt 0.663543 0.679907
vt 0.671667 0.692242
vt 0.670295 0.703876
vt 0.685157 0.709993
vt 0.674715 0.694713
vt 0.688455 0.700341
vt 0.692531 0.710795
vt 0.708384 0.708162
vt 0.691519 0.700645
vt 0.706093 0.698196
vt 0.715436 0.704718
vt 0.727338 0.693845
vt 0.709066 0.696719
vt 0.719974 0.686761
vt 0.703541 0.688036
vt 0.711794 0.680489
vt 0.712285 0.679675
vt 0.715232 0.668910
vt 0.715224 0.667959
vt 0.711953 0.657326
vt 0.711391 0.656430
vt 0.702875 0.649179
vt 0.701971 0.648736
vt 0.690952 0.647215
vt 0.689536 0.647390
vt 0.679525 0.652241
vt 0.672509 0.663560
vt 0.672699 0.674720
vt 0.673067 0.675832
vt 0.679217 0.685171
vt 0.680341 0.686033
vt 0.690597 0.690281
vt 0.691600 0.690361
vt 0.702609 0.688512
vt 0.346173 0.629040
vt 0.357541 0.629026
vt 0.383095 0.653158
vt 0.385050 0.664399
vt 0.582145 0.561718
vt 0.579187 0.550653
vt 0.577431 0.544731
vt 0.573799 0.533915
vt 0.609470 0.605972
vt 0.598225 0.604460
vt 0.587916 0.609361
vt 0.273227 0.627429
vt 0.284631 0.627777
vt 0.291516 0.627954
vt 0.302965 0.628295
vt 0.309732 0.628477
vt 0.321140 0.628663
vt 0.328001 0.628761
vt 0.339437 0.628975
vt 0.091391 0.690793
vt 0.097555 0.687352
vt 0.089099 0.679588
vt 0.096092 0.680329
vt 0.093687 0.669111
vt 0.099002 0.673696
vt 0.103465 0.663118
vt 0.105116 0.669884
vt 0.114825 0.663813
vt 0.112351 0.670329
vt 0.123810 0.670940
vt 0.117968 0.674842
vt 0.127084 0.681899
vt 0.120033 0.681784
vt 0.123455 0.692745
vt 0.117744 0.688583
vt 0.114241 0.699574
vt 0.111983 0.692910
vt 0.102865 0.699893
vt 0.104736 0.693115
vt 0.093293 0.693576
vt 0.098753 0.689101
vt 0.103369 0.692073
vt 0.107868 0.681301
vt 0.097926 0.687352
vt 0.096220 0.680384
vt 0.112343 0.670448
vt 0.117794 0.675160
vt 0.119503 0.682199
vt 0.116740 0.688819
vt 0.110630 0.692639
vt 0.110595 0.692647
vt 0.357596 0.627429
vt 0.346158 0.627443
vt 0.339479 0.627379
vt 0.328043 0.627166
vt 0.115607 0.637611
vt 0.114068 0.638035
vt 0.118900 0.648535
vt 0.117379 0.649014
vt 0.122137 0.659522
vt 0.120595 0.659932
vt 0.125335 0.670474
vt 0.128604 0.681411
vt 0.128587 0.682436
vt 0.124986 0.693196
vt 0.121612 0.704095
vt 0.120064 0.703701
vt 0.116966 0.714652
vt 0.118493 0.715116
vt 0.114068 0.725748
vt 0.115613 0.726156
vt 0.194882 0.830628
vt 0.194960 0.838041
vt 0.195042 0.848914
vt 0.195085 0.856429
vt 0.195099 0.867273
vt 0.195102 0.874759
vt 0.195119 0.885578
vt 0.195121 0.893044
vt 0.195109 0.903862
vt 0.195123 0.911291
vt 0.195156 0.922136
vt 0.195155 0.929699
vt 0.195115 0.940573
vt 0.195048 0.948058
vt 0.195023 0.958902
vt 0.194970 0.966293
vt 0.194948 0.977112
vt 0.194951 0.984443
vt 0.194985 0.995261
vt 0.194835 0.819783
vt 0.196621 0.830643
vt 0.196699 0.838062
vt 0.196709 0.848862
vt 0.196753 0.856390
vt 0.196766 0.867294
vt 0.196769 0.874768
vt 0.196786 0.885586
vt 0.196788 0.893034
vt 0.196777 0.903922
vt 0.196792 0.911307
vt 0.196824 0.922210
vt 0.196824 0.929744
vt 0.196856 0.940545
vt 0.196788 0.947996
vt 0.196765 0.958899
vt 0.196712 0.966239
vt 0.196688 0.977126
vt 0.196692 0.984427
vt 0.196726 0.995245
vt 0.196576 0.819740
vt 0.207533 0.827774
vt 0.207639 0.840822
vt 0.207690 0.845970
vt 0.207769 0.859144
vt 0.207785 0.864334
vt 0.207834 0.877552
vt 0.207823 0.882732
vt 0.207831 0.895865
vt 0.207853 0.901045
vt 0.207870 0.914178
vt 0.207829 0.919411
vt 0.207816 0.932594
vt 0.207785 0.937742
vt 0.207706 0.950843
vt 0.207747 0.956076
vt 0.207671 0.969151
vt 0.207674 0.974331
vt 0.207676 0.987230
vt 0.207669 0.992410
vt 0.207517 0.822583
vt 0.223895 0.895403
vt 0.220663 0.891342
vt 0.215947 0.898418
vt 0.215715 0.889920
vt 0.210815 0.891630
vt 0.210870 0.905321
vt 0.215741 0.906987
vt 0.220740 0.905438
vt 0.223913 0.901343
vt 0.224145 0.896168
vt 0.082829 0.639903
vt 0.082608 0.645472
vt 0.080598 0.642776
vt 0.080412 0.642925
vt 0.077168 0.642154
vt 0.074008 0.643403
vt 0.076737 0.641583
vt 0.075774 0.638118
vt 0.073798 0.643287
vt 0.071166 0.640872
vt 0.072276 0.646293
vt 0.072512 0.649679
vt 0.074509 0.652385
vt 0.072330 0.655271
vt 0.074708 0.652227
vt 0.078023 0.653013
vt 0.078468 0.653584
vt 0.079426 0.657114
vt 0.081336 0.651877
vt 0.083962 0.654357
vt 0.082915 0.648874
vt 0.081112 0.651749
vt 0.007128 0.782382
vt 0.013487 0.759182
vt 0.013653 0.745540
vt 0.013892 0.732667
vt 0.013901 0.719112
vt 0.013902 0.705848
vt 0.014016 0.692206
vt 0.013730 0.680047
vt 0.013487 0.666549
vt 0.121656 0.473989
vt 0.121413 0.487487
vt 0.121127 0.499645
vt 0.121241 0.513288
vt 0.121242 0.526551
vt 0.121251 0.540107
vt 0.121489 0.552979
vt 0.121656 0.566621
vt 0.128015 0.589822
vt 0.127181 0.603296
vt 0.007962 0.795856
vt 0.315081 0.940808
vt 0.301584 0.941107
vt 0.301630 0.942773
vt 0.297668 0.942452
vt 0.286752 0.950636
vt 0.298689 0.943770
vt 0.287773 0.951954
vt 0.284300 0.954105
vt 0.280366 0.967076
vt 0.285903 0.954563
vt 0.281949 0.967604
vt 0.280406 0.971371
vt 0.284985 0.984223
vt 0.281988 0.970841
vt 0.286546 0.983638
vt 0.288425 0.986155
vt 0.287475 0.987524
vt 0.299478 0.993907
vt 0.298528 0.995277
vt 0.302573 0.994847
vt 0.302601 0.996514
vt 0.316070 0.994555
vt 0.316097 0.996221
vt 0.319032 0.993509
vt 0.320004 0.994863
vt 0.329939 0.985411
vt 0.330959 0.986731
vt 0.331775 0.982740
vt 0.333384 0.983181
vt 0.335743 0.969703
vt 0.337330 0.970213
vt 0.335640 0.966493
vt 0.337222 0.965966
vt 0.331120 0.953620
vt 0.332701 0.953093
vt 0.329230 0.951157
vt 0.330195 0.949797
vt 0.318180 0.943402
vt 0.319145 0.942043
vt 0.315127 0.942475
f 1/1 2/2 3/3
f 1/4 2/5 3/6
f 4/7 5/8 6/9
f 5/8 7/10 6/9
f 7/10 8/11 6/9
f 6/9 8/11 9/12
f 8/11 10/13 9/12
f 9/12 10/13 11/14
f 10/13 12/15 11/14
f 11/14 12/15 13/16
f 12/15 14/17 13/16
f 13/16 14/17 15/18
f 15/18 14/17 16/19
f 14/17 17/20 16/19
f 17/20 18/21 16/19
f 16/19 18/21 19/22
f 18/21 20/23 19/22
f 19/22 20/23 21/24
f 20/23 22/25 21/24
f 21/24 22/25 23/26
f 22/25 5/27 23/26
f 23/26 5/27 4/28
f 10/29 8/30 12/15
f 8/30 7/31 12/15
f 12/15 7/31 14/17
f 7/31 5/32 14/17
f 5/32 22/33 14/17
f 14/17 22/33 17/34
f 17/34 22/33 18/35
f 22/33 20/36 18/35
f 24/37 25/38 26/39
f 25/38 27/40 26/39
f 25/38 24/37 28/41
f 24/37 29/42 28/41
f 30/43 26/39 31/44
f 26/39 27/40 31/44
f 30/45 29/42 26/46
f 29/42 24/37 26/46
f 28/47 31/48 25/38
f 31/48 27/40 25/38
f 32/49 33/50 34/51
f 33/50 35/52 34/51
f 36/53 37/54 38/55
f 37/54 39/56 38/55
f 37/54 36/53 33/50
f 36/53 35/52 33/50
f 32/49 39/57 33/50
f 39/57 37/58 33/50
f 38/59 34/60 36/53
f 34/60 35/52 36/53
f 40/61 41/62 42/63
f 41/62 43/64 42/63
f 44/65 43/64 45/66
f 43/64 41/62 45/66
f 40/61 42/63 46/67
f 42/63 47/68 46/67
f 42/69 43/64 47/70
f 43/64 44/65 47/70
f 41/62 40/61 45/71
f 40/61 46/72 45/71
f 48/73 49/74 50/75
f 49/74 51/76 50/75
f 50/75 51/76 52/77
f 51/76 53/78 52/77
f 52/77 53/78 54/79
f 53/78 55/80 54/79
f 54/79 55/80 56/81
f 55/80 57/82 56/81
f 58/83 59/84 60/85
f 59/84 61/86 60/85
f 61/86 62/87 60/85
f 60/85 62/87 63/88
f 62/87 64/89 63/88
f 63/88 64/89 65/90
f 65/90 64/89 66/91
f 64/89 67/92 66/91
f 68/93 69/94 70/95
f 70/95 69/94 71/96
f 69/94 72/97 71/96
f 71/96 72/97 73/98
f 72/97 74/99 73/98
f 73/98 74/99 75/100
f 74/99 76/101 75/100
f 76/101 77/102 75/100
f 75/100 77/102 78/103
f 78/103 77/102 79/104
f 77/102 80/105 79/104
f 81/106 82/107 83/108
f 82/107 84/109 83/108
f 83/108 84/109 85/110
f 84/111 86/112 85/113
f 85/113 86/112 87/114
f 87/115 86/116 88/117
f 86/116 78/118 88/117
f 88/117 78/118 89/119
f 78/103 79/104 89/120
f 89/120 79/104 90/121
f 91/122 92/123 82/107
f 82/107 92/123 84/109
f 84/109 92/123 93/124
f 92/123 94/125 93/124
f 94/125 95/126 93/124
f 93/124 95/126 96/127
f 95/126 97/128 96/127
f 96/127 97/128 98/129
f 97/128 99/130 98/129
f 98/129 99/130 70/131
f 99/130 68/132 70/131
f 100/133 101/134 102/135
f 102/135 101/134 103/136
f 101/134 104/137 103/138
f 103/138 104/137 105/139
f 104/137 106/140 105/141
f 105/141 106/140 107/142
f 106/140 108/143 107/144
f 107/144 108/143 109/145
f 109/146 108/147 110/148
f 108/147 111/149 110/148
f 111/149 112/150 110/151
f 110/151 112/150 113/152
f 113/153 112/150 114/154
f 112/150 115/155 114/154
f 114/156 115/155 116/157
f 115/155 117/158 116/157
f 116/159 117/158 118/160
f 117/158 119/161 118/160
f 118/162 119/161 102/163
f 119/161 100/133 102/163
f 120/164 121/165 122/166
f 122/166 121/165 123/167
f 121/168 124/169 123/170
f 123/170 124/169 125/171
f 124/172 126/173 125/174
f 125/174 126/173 127/175
f 126/176 128/177 127/178
f 127/178 128/177 129/179
f 128/180 130/181 129/182
f 129/182 130/181 131/183
f 131/184 130/185 132/186
f 130/185 133/187 132/186
f 132/188 133/189 134/190
f 133/189 135/191 134/190
f 134/192 135/193 136/194
f 135/193 137/195 136/194
f 136/196 137/197 138/198
f 137/197 139/199 138/198
f 138/200 139/201 122/202
f 139/201 120/203 122/202
f 100/133 119/161 140/204
f 119/161 141/205 140/204
f 140/204 141/205 142/206
f 142/206 141/205 143/207
f 143/208 141/205 144/209
f 141/205 145/210 144/209
f 144/211 145/210 146/212
f 145/210 147/213 146/212
f 146/214 147/213 148/215
f 147/213 149/216 148/215
f 148/217 149/216 150/218
f 149/216 151/219 150/218
f 151/219 152/220 150/221
f 150/221 152/220 153/222
f 152/223 154/224 153/225
f 153/225 154/224 155/226
f 154/224 156/227 155/228
f 155/228 156/227 157/229
f 156/227 158/230 157/231
f 157/231 158/230 159/232
f 159/233 158/230 142/234
f 142/234 158/230 140/204
f 140/204 158/230 100/133
f 100/133 158/230 101/134
f 158/230 156/227 101/134
f 101/134 156/227 104/137
f 156/227 154/224 104/137
f 104/137 154/224 106/140
f 154/224 152/223 106/140
f 106/140 152/223 108/143
f 152/220 151/219 108/147
f 108/147 151/219 111/149
f 111/149 151/219 112/150
f 151/219 149/216 112/150
f 112/150 149/216 115/155
f 149/216 147/213 115/155
f 115/155 147/213 117/158
f 147/213 145/210 117/158
f 117/158 145/210 119/161
f 145/210 141/205 119/161
f 160/235 161/236 162/237
f 161/236 163/238 162/237
f 162/237 163/238 164/239
f 163/238 165/240 164/239
f 164/239 165/240 166/241
f 166/241 165/240 167/242
f 167/242 165/240 168/243
f 165/240 169/244 168/243
f 168/243 169/244 170/245
f 170/245 169/244 171/246
f 169/244 172/247 171/246
f 171/246 172/247 173/248
f 173/248 172/247 174/249
f 172/247 175/250 174/249
f 175/251 176/252 174/253
f 174/253 176/252 177/254
f 176/252 178/255 177/254
f 177/254 178/255 179/256
f 180/257 181/258 182/259
f 181/258 183/260 182/259
f 182/259 183/260 184/261
f 183/260 185/262 184/261
f 184/263 185/264 186/265
f 185/264 187/266 186/265
f 186/267 187/268 188/269
f 187/268 189/270 188/269
f 188/271 189/272 190/273
f 189/272 163/238 190/273
f 190/273 163/238 161/236
f 191/274 192/275 193/276
f 193/276 192/275 194/277
f 192/275 195/278 194/277
f 194/277 195/278 196/279
f 195/278 197/280 196/279
f 196/279 197/280 198/281
f 197/280 199/282 198/281
f 198/281 199/282 200/283
f 199/282 201/284 200/283
f 200/283 201/284 202/285
f 202/285 201/284 203/286
f 201/284 204/287 203/286
f 203/286 204/287 205/288
f 204/287 206/289 205/288
f 205/288 206/289 207/290
f 206/289 208/291 207/290
f 207/290 208/291 209/292
f 208/291 210/293 209/292
f 209/292 210/293 193/294
f 210/293 191/295 193/294
f 211/296 212/297 213/298
f 212/297 214/299 213/298
f 214/299 215/300 213/298
f 213/298 215/300 216/301
f 215/300 217/302 216/301
f 216/301 217/302 218/303
f 219/304 217/305 220/306
f 217/305 215/307 220/306
f 220/306 215/307 221/308
f 215/307 214/309 221/308
f 221/308 214/309 222/310
f 222/310 214/309 223/311
f 214/299 212/297 223/312
f 212/297 224/313 223/312
f 224/313 225/314 223/312
f 223/311 225/315 222/310
f 225/315 226/316 222/310
f 222/317 226/318 227/319
f 226/318 2/2 227/319
f 227/319 2/2 228/320
f 2/2 1/1 228/320
f 228/320 1/1 229/321
f 1/322 230/323 229/324
f 230/325 231/326 229/327
f 231/326 232/328 229/327
f 229/327 232/328 233/329
f 232/328 234/330 233/329
f 233/329 234/330 235/331
f 234/330 236/332 235/331
f 236/332 237/333 235/331
f 235/331 237/333 238/334
f 237/333 239/335 238/334
f 240/336 241/337 242/338
f 241/337 243/339 242/338
f 243/339 235/340 242/338
f 242/338 235/340 238/341
f 244/342 245/343 246/344
f 246/344 245/343 247/345
f 245/343 248/346 247/345
f 247/345 248/346 249/347
f 248/346 250/348 249/347
f 249/347 250/348 251/349
f 250/348 252/350 251/349
f 251/349 252/350 253/351
f 252/350 254/352 253/351
f 253/351 254/352 255/353
f 255/353 254/352 256/354
f 254/352 257/355 256/354
f 256/354 257/355 258/356
f 257/355 259/357 258/356
f 258/356 259/357 260/358
f 259/357 261/359 260/358
f 260/358 261/359 262/360
f 261/359 263/361 262/360
f 262/360 263/361 246/362
f 263/361 244/363 246/362
f 264/364 265/365 3/366
f 3/366 265/365 1/322
f 265/365 230/323 1/322
f 3/367 266/368 264/369
f 264/369 266/368 267/370
f 266/371 268/372 267/373
f 267/373 268/372 269/374
f 268/375 270/376 269/377
f 269/377 270/376 271/378
f 271/378 270/376 272/379
f 270/376 273/380 272/379
f 273/381 274/382 272/383
f 274/382 275/384 272/383
f 272/385 275/386 276/387
f 276/387 275/386 277/388
f 275/386 278/389 277/388
f 277/388 278/389 279/390
f 278/389 87/115 279/390
f 87/115 88/117 279/390
f 88/391 89/120 279/392
f 89/120 280/393 279/392
f 279/394 280/393 277/388
f 280/393 281/395 277/388
f 277/388 281/395 276/387
f 281/396 282/397 276/398
f 276/398 282/397 272/399
f 272/399 282/397 271/400
f 271/400 282/397 269/401
f 282/397 283/402 269/401
f 269/403 283/404 267/405
f 283/404 284/406 267/405
f 267/407 284/408 264/409
f 264/409 284/408 285/410
f 284/408 286/411 285/410
f 285/410 286/411 287/412
f 287/412 286/411 288/413
f 286/414 289/415 288/416
f 288/416 289/415 290/417
f 289/415 291/418 290/417
f 291/419 292/420 290/421
f 290/421 292/420 293/422
f 79/423 294/424 90/121
f 294/424 295/425 90/121
f 296/426 297/427 298/428
f 298/428 297/427 299/429
f 297/427 300/430 299/429
f 299/429 300/430 301/431
f 300/430 178/432 301/431
f 301/431 178/432 181/433
f 296/434 302/435 297/436
f 302/435 303/437 297/436
f 303/437 304/438 297/436
f 297/436 304/438 300/439
f 304/438 305/440 300/439
f 305/440 179/256 300/439
f 300/439 179/256 178/255
f 207/441 306/442 205/443
f 205/443 306/442 307/444
f 307/444 306/442 308/445
f 306/446 309/447 308/448
f 89/120 90/121 280/393
f 90/121 295/425 280/393
f 280/393 295/425 281/395
f 295/449 292/420 281/396
f 292/420 291/419 281/396
f 281/396 291/419 282/397
f 282/450 291/451 283/404
f 291/451 289/415 283/404
f 289/415 286/414 283/404
f 283/404 286/414 284/406
f 310/452 65/453 311/454
f 65/453 66/455 311/454
f 311/454 66/455 312/456
f 66/455 67/457 312/456
f 312/456 67/457 313/458
f 67/457 64/459 313/458
f 80/460 77/461 314/462
f 314/462 77/461 315/463
f 315/463 77/461 316/464
f 77/461 76/465 316/464
f 316/464 76/465 317/466
f 76/465 74/467 317/466
f 74/467 318/468 317/466
f 317/466 318/468 319/469
f 319/469 318/468 320/470
f 318/468 321/471 320/470
f 320/470 321/471 322/472
f 323/473 324/474 325/475
f 324/474 326/476 325/475
f 325/475 326/476 327/477
f 326/476 328/478 327/477
f 327/479 328/478 329/480
f 329/480 328/478 330/481
f 330/481 328/478 331/482
f 331/482 328/478 332/483
f 328/478 326/476 332/483
f 332/483 326/476 333/484
f 326/476 324/485 333/484
f 333/484 324/485 334/486
f 334/487 324/488 335/489
f 324/488 323/490 335/489
f 304/491 336/492 337/493
f 336/492 338/494 337/493
f 337/493 338/494 339/495
f 338/494 340/496 339/495
f 340/496 341/497 339/495
f 339/495 341/497 342/498
f 188/269 190/499 343/500
f 343/500 190/499 344/501
f 190/499 161/502 344/501
f 161/502 160/503 344/501
f 344/501 160/503 345/504
f 346/505 347/506 348/507
f 347/506 349/508 348/507
f 349/508 294/509 348/507
f 348/507 294/509 314/510
f 294/509 79/511 314/510
f 314/510 79/511 80/512
f 350/513 351/514 198/515
f 198/515 351/514 196/516
f 351/514 352/517 196/516
f 196/516 352/517 353/518
f 352/519 354/520 353/521
f 353/522 354/523 194/524
f 198/515 200/525 350/513
f 350/513 200/525 355/526
f 200/525 202/527 355/526
f 355/526 202/527 356/528
f 356/528 202/527 357/529
f 202/527 203/530 357/529
f 357/529 203/530 358/531
f 358/531 203/530 307/532
f 203/530 205/533 307/532
f 331/482 332/483 359/534
f 332/483 360/535 359/534
f 360/536 361/537 359/538
f 359/538 361/537 362/539
f 313/540 363/541 364/542
f 364/542 363/541 365/543
f 363/541 366/544 365/543
f 365/543 366/544 367/545
f 366/544 368/546 367/545
f 367/545 368/546 231/326
f 369/547 370/548 371/549
f 370/548 372/550 371/549
f 371/551 372/552 68/553
f 68/553 372/552 69/554
f 69/554 372/552 373/555
f 373/556 372/550 374/557
f 372/550 370/548 374/557
f 375/558 376/559 377/560
f 377/560 376/559 378/561
f 378/561 376/559 379/562
f 376/559 380/563 379/562
f 379/562 380/563 381/564
f 380/563 382/565 381/564
f 381/566 382/567 383/568
f 382/567 167/569 383/568
f 312/570 384/571 311/572
f 384/571 385/573 311/572
f 311/572 385/573 182/574
f 385/573 180/575 182/574
f 309/447 386/576 308/448
f 386/576 387/577 308/448
f 308/448 387/577 388/578
f 387/577 389/579 388/578
f 389/579 390/580 388/578
f 388/578 390/580 391/581
f 390/580 374/582 391/581
f 374/582 370/583 391/581
f 391/581 370/583 392/584
f 370/583 369/585 392/584
f 65/453 310/452 63/586
f 310/452 393/587 63/586
f 63/586 393/587 60/588
f 393/587 394/589 60/588
f 60/588 394/589 58/590
f 394/589 395/591 58/590
f 396/592 397/593 398/594
f 398/594 397/593 399/595
f 397/593 400/596 399/595
f 399/595 400/596 401/597
f 400/596 402/598 401/597
f 401/597 402/598 403/599
f 402/598 404/600 403/599
f 403/599 404/600 405/601
f 405/602 404/603 343/500
f 343/500 404/603 188/269
f 188/269 404/603 186/267
f 404/604 402/605 186/265
f 186/265 402/605 184/263
f 184/263 402/605 182/574
f 182/574 402/605 406/606
f 402/605 400/607 406/606
f 400/607 397/608 406/606
f 406/609 397/610 407/611
f 397/610 396/612 407/611
f 329/613 341/497 327/614
f 341/497 340/496 327/614
f 327/614 340/496 325/615
f 340/496 338/616 325/615
f 325/615 338/616 323/490
f 323/490 338/616 335/489
f 335/489 338/616 408/617
f 338/618 336/619 408/620
f 408/620 336/619 303/437
f 336/619 304/438 303/437
f 409/621 410/622 411/623
f 410/622 412/624 411/623
f 412/625 413/626 411/627
f 411/627 413/626 414/628
f 303/437 302/435 408/629
f 302/435 415/630 408/629
f 415/630 416/631 408/629
f 408/629 416/631 335/632
f 335/632 416/631 334/633
f 334/634 416/635 333/484
f 416/635 417/636 333/484
f 333/484 417/636 332/483
f 332/483 417/636 360/535
f 417/636 418/637 360/535
f 418/638 419/639 360/536
f 360/536 419/639 361/537
f 420/640 421/641 422/642
f 422/642 421/641 423/643
f 421/641 424/644 423/643
f 423/643 424/644 425/645
f 424/644 426/646 425/645
f 425/645 426/646 427/647
f 342/498 428/648 339/495
f 428/648 429/649 339/495
f 429/649 305/650 339/495
f 339/495 305/650 337/651
f 305/650 304/652 337/651
f 375/558 430/653 376/559
f 430/653 431/654 376/559
f 376/559 431/654 380/655
f 431/654 432/656 380/655
f 380/655 432/656 382/567
f 432/656 433/657 382/567
f 382/567 433/657 167/569
f 433/657 434/658 167/569
f 167/569 434/658 166/659
f 434/658 435/660 166/659
f 166/659 435/660 164/661
f 435/660 436/662 164/661
f 164/661 436/662 162/663
f 436/662 437/664 162/663
f 162/665 437/666 160/503
f 160/503 437/666 345/504
f 437/667 438/668 345/669
f 345/669 438/668 439/670
f 438/668 440/671 439/670
f 439/670 440/671 375/558
f 440/671 430/653 375/558
f 441/672 442/673 443/674
f 443/674 442/673 444/675
f 442/673 445/676 444/675
f 444/675 445/676 446/677
f 446/677 445/676 447/678
f 445/676 448/679 447/678
f 447/678 448/679 449/680
f 448/679 450/681 449/680
f 449/680 450/681 451/682
f 450/681 452/683 451/682
f 451/682 452/683 453/684
f 452/683 454/685 453/684
f 453/684 454/685 455/686
f 454/685 456/687 455/686
f 455/686 456/687 457/688
f 456/687 458/689 457/688
f 458/689 459/690 457/688
f 457/688 459/690 460/691
f 459/692 461/693 460/694
f 460/694 461/693 462/695
f 461/693 463/696 462/695
f 462/695 463/696 464/697
f 463/696 441/672 464/697
f 464/697 441/672 443/674
f 294/509 349/508 295/698
f 349/508 292/699 295/698
f 465/700 420/701 466/702
f 420/701 422/703 466/702
f 466/702 422/703 467/704
f 422/703 423/705 467/704
f 467/704 423/705 468/706
f 468/706 423/705 469/707
f 423/705 425/645 469/707
f 469/707 425/645 470/708
f 425/645 427/647 470/708
f 470/708 427/647 471/709
f 471/710 427/711 472/712
f 427/711 426/713 472/712
f 472/712 426/713 473/714
f 426/713 424/715 473/714
f 473/714 424/715 474/716
f 474/716 424/715 475/717
f 424/715 421/718 475/717
f 475/717 421/718 476/719
f 421/718 420/701 476/719
f 476/719 420/701 465/700
f 395/720 394/721 407/722
f 407/722 394/721 406/606
f 394/721 393/723 406/606
f 393/723 310/724 406/606
f 406/606 310/724 182/574
f 310/724 311/572 182/574
f 477/725 478/726 428/727
f 478/726 479/728 428/727
f 428/648 479/729 429/649
f 359/538 362/539 480/730
f 362/539 481/731 480/730
f 480/730 481/731 482/732
f 481/731 483/733 482/732
f 483/733 484/734 482/732
f 482/732 484/734 485/735
f 485/735 484/734 428/727
f 484/734 477/725 428/727
f 428/736 342/737 485/738
f 342/737 341/739 485/738
f 485/738 341/739 482/740
f 341/739 329/741 482/740
f 482/740 329/741 480/730
f 329/741 330/742 480/730
f 480/730 330/742 359/538
f 330/742 331/743 359/538
f 347/744 293/422 349/745
f 293/422 292/420 349/745
f 321/746 478/726 322/747
f 478/726 486/748 322/747
f 322/747 486/748 320/749
f 486/750 487/751 320/470
f 320/470 487/751 319/469
f 319/469 487/751 317/752
f 487/751 488/753 317/752
f 317/752 488/753 316/754
f 488/753 489/755 316/754
f 316/754 489/755 315/756
f 489/755 490/757 315/756
f 315/756 490/757 314/758
f 490/757 348/759 314/758
f 180/257 385/760 181/258
f 181/258 385/760 301/761
f 385/760 384/762 301/761
f 301/761 384/762 299/763
f 299/763 384/762 298/764
f 384/762 312/456 298/764
f 474/765 475/766 441/672
f 441/672 475/766 442/767
f 475/766 476/768 442/767
f 442/767 476/768 445/769
f 476/768 465/770 445/769
f 445/769 465/770 448/771
f 465/770 466/772 448/771
f 448/771 466/772 450/773
f 450/773 466/772 452/774
f 466/772 467/775 452/774
f 452/774 467/775 454/776
f 467/775 468/777 454/776
f 468/777 469/778 454/776
f 454/776 469/778 456/779
f 469/778 470/780 456/779
f 456/779 470/780 458/781
f 458/781 470/780 459/782
f 470/780 471/783 459/782
f 459/782 471/783 461/784
f 471/783 472/785 461/784
f 461/784 472/785 463/696
f 472/785 473/786 463/696
f 463/696 473/786 441/672
f 473/786 474/765 441/672
f 264/364 285/787 265/365
f 285/787 491/788 265/365
f 265/365 491/788 230/789
f 491/788 492/790 230/789
f 230/325 492/791 231/326
f 231/326 492/791 367/545
f 492/791 493/792 367/545
f 367/545 493/792 365/793
f 493/792 494/794 365/793
f 365/793 494/794 364/795
f 494/794 495/796 364/795
f 364/797 495/798 313/458
f 313/458 495/798 312/456
f 312/456 495/798 298/764
f 298/428 495/796 296/426
f 495/796 494/794 296/426
f 296/799 494/800 302/435
f 302/435 494/800 415/630
f 494/801 493/802 415/630
f 415/630 493/802 496/803
f 493/804 492/805 496/803
f 492/805 491/806 496/803
f 496/803 491/806 287/412
f 491/788 285/787 287/807
f 368/808 366/809 59/810
f 59/810 366/809 61/86
f 366/809 363/811 61/86
f 61/86 363/811 62/87
f 62/812 363/813 64/459
f 363/813 313/458 64/459
f 343/500 344/814 405/602
f 405/602 344/814 497/815
f 344/814 345/816 497/815
f 345/816 439/817 497/815
f 439/818 375/819 497/820
f 497/820 375/819 308/821
f 375/819 377/822 308/821
f 308/821 377/822 498/823
f 377/822 378/824 498/823
f 498/823 378/824 499/825
f 499/825 378/824 500/826
f 378/824 379/827 500/826
f 379/827 381/828 500/826
f 381/828 383/829 500/826
f 500/826 383/829 501/830
f 383/829 502/831 501/830
f 501/830 502/831 503/832
f 502/831 504/833 503/832
f 503/832 504/833 505/834
f 504/833 506/835 505/834
f 506/835 507/836 505/834
f 505/834 507/836 508/837
f 507/836 305/838 508/837
f 305/838 429/839 508/837
f 429/840 479/841 508/842
f 508/842 479/841 351/843
f 479/841 352/844 351/843
f 352/519 321/471 354/520
f 321/471 318/468 354/520
f 194/524 354/523 193/845
f 193/845 354/523 509/846
f 354/847 318/848 509/849
f 509/849 318/848 510/850
f 318/848 74/851 510/850
f 74/851 72/852 510/850
f 510/850 72/852 511/853
f 511/853 72/852 512/854
f 72/852 69/554 512/854
f 69/554 373/555 512/854
f 373/555 513/855 512/854
f 512/854 513/855 511/856
f 513/855 514/857 511/856
f 511/856 514/857 510/858
f 510/858 514/857 509/846
f 514/857 515/859 509/846
f 509/846 515/859 193/845
f 515/859 516/860 193/845
f 193/845 516/860 209/861
f 209/861 516/860 207/862
f 207/862 516/860 306/863
f 306/864 516/865 309/866
f 309/866 516/865 386/867
f 516/865 515/868 386/867
f 386/867 515/868 387/869
f 515/868 514/870 387/869
f 387/869 514/870 389/871
f 514/870 513/872 389/871
f 389/871 513/872 390/873
f 513/872 373/556 390/873
f 390/873 373/556 374/557
f 167/874 168/875 383/829
f 383/829 168/875 502/831
f 168/875 170/876 502/831
f 170/876 171/877 502/831
f 502/831 171/877 504/878
f 171/879 173/880 504/833
f 504/833 173/880 506/835
f 173/880 174/881 506/835
f 506/835 174/882 507/836
f 174/882 177/883 507/836
f 177/883 179/884 507/836
f 507/836 179/884 305/885
f 478/726 477/886 486/748
f 477/886 484/887 486/748
f 484/888 483/889 486/890
f 486/890 483/889 487/891
f 483/889 481/892 487/891
f 487/891 481/892 488/893
f 481/892 362/894 488/893
f 362/894 361/895 488/893
f 488/893 361/895 489/896
f 361/895 419/897 489/896
f 489/896 419/897 490/757
f 419/897 346/898 490/757
f 490/757 346/898 348/759
f 517/899 518/900 519/901
f 518/900 520/902 519/901
f 519/903 520/904 521/905
f 520/904 522/906 521/905
f 521/905 522/906 523/907
f 522/906 524/908 523/907
f 524/908 525/909 523/907
f 523/907 525/909 526/910
f 525/909 527/911 526/910
f 526/910 527/911 528/912
f 528/913 527/914 529/915
f 527/914 530/916 529/915
f 529/917 530/918 531/919
f 530/918 532/920 531/919
f 531/919 532/920 533/921
f 532/920 534/922 533/921
f 533/921 534/922 535/923
f 534/922 536/924 535/923
f 535/923 536/924 517/925
f 536/924 518/926 517/925
f 346/505 419/639 347/506
f 419/639 418/638 347/506
f 418/638 537/927 347/506
f 347/506 537/927 293/928
f 293/928 537/927 290/929
f 537/930 538/931 290/417
f 290/417 538/931 288/416
f 538/931 539/932 288/416
f 288/413 539/933 287/412
f 287/412 539/933 496/803
f 496/803 539/933 415/630
f 415/630 539/933 416/631
f 539/932 538/931 416/635
f 416/635 538/931 417/636
f 417/636 538/931 418/637
f 538/931 537/930 418/637
f 398/934 399/935 392/936
f 392/936 399/935 391/937
f 399/935 401/938 391/937
f 391/937 401/938 388/939
f 401/938 403/940 388/939
f 403/940 405/941 388/939
f 405/941 497/942 388/939
f 388/578 497/943 308/448
f 540/944 541/945 542/946
f 541/945 543/947 542/946
f 542/948 543/949 433/950
f 433/950 543/949 434/951
f 543/949 544/952 434/951
f 434/951 544/952 435/953
f 544/952 545/954 435/953
f 435/953 545/954 436/955
f 545/956 546/957 436/958
f 436/958 546/957 437/959
f 546/957 547/960 437/959
f 437/959 547/960 438/961
f 547/960 548/962 438/961
f 438/961 548/962 440/963
f 548/962 549/964 440/963
f 440/963 549/964 430/965
f 549/964 550/966 430/965
f 430/965 550/966 431/967
f 550/966 551/968 431/967
f 431/967 551/968 432/969
f 551/968 542/948 432/969
f 432/969 542/948 433/950
f 552/970 553/971 554/972
f 553/971 555/973 554/972
f 556/974 552/970 557/975
f 552/970 554/972 557/975
f 556/976 557/977 558/978
f 557/977 559/979 558/978
f 558/978 559/979 553/971
f 559/979 555/973 553/971
f 321/746 352/980 478/726
f 352/980 479/728 478/726
f 560/981 561/982 562/983
f 562/983 561/982 563/984
f 561/982 564/985 563/984
f 563/984 564/985 565/986
f 566/987 567/988 568/989
f 567/988 569/990 568/989
f 569/991 570/992 568/993
f 568/993 570/992 571/994
f 570/995 572/996 571/997
f 571/997 572/996 573/998
f 573/999 572/1000 574/1001
f 572/1000 575/1002 574/1001
f 575/1003 576/1004 574/1005
f 574/1005 576/1004 577/1006
f 576/1007 567/1008 577/1009
f 577/1009 567/1008 566/1010
f 578/1011 579/1012 566/1013
f 566/1013 579/1012 577/1014
f 579/1012 580/1015 577/1014
f 577/1014 580/1015 574/1001
f 580/1015 581/1016 574/1001
f 574/1001 581/1016 573/999
f 581/1016 582/1017 573/999
f 573/999 582/1017 571/1018
f 582/1017 583/1019 571/1018
f 571/1018 583/1019 568/1020
f 583/1021 578/1011 568/1022
f 568/1022 578/1011 566/1013
f 563/984 567/1008 562/983
f 567/1008 576/1007 562/983
f 562/983 576/1004 560/981
f 576/1004 575/1003 560/981
f 560/981 575/1002 561/982
f 575/1002 572/1000 561/982
f 561/982 572/996 564/985
f 572/996 570/995 564/985
f 564/985 570/992 565/986
f 570/992 569/991 565/986
f 565/986 569/990 563/984
f 569/990 567/988 563/984
f 584/1023 585/1024 586/1025
f 586/1025 585/1024 587/1026
f 585/1024 588/1027 587/1026
f 587/1026 588/1027 589/1028
f 589/1028 588/1027 590/1029
f 588/1027 591/1030 590/1029
f 590/1029 591/1030 592/1031
f 591/1030 593/1032 592/1031
f 594/1033 595/1034 596/1035
f 595/1034 597/1036 596/1035
f 596/1035 597/1036 598/1037
f 597/1036 599/1038 598/1037
f 598/1037 599/1038 600/1039
f 599/1038 601/1040 600/1039
f 600/1039 601/1040 602/1041
f 601/1040 603/1042 602/1041
f 604/1043 605/1044 606/1045
f 605/1044 607/1046 606/1045
f 605/1044 608/1047 607/1046
f 608/1047 609/1048 607/1046
f 610/1049 611/1050 608/1047
f 611/1050 609/1048 608/1047
f 612/1051 613/1052 614/1053
f 613/1052 615/1054 614/1053
f 613/1052 616/1055 615/1054
f 616/1055 617/1056 615/1054
f 618/1057 619/1058 616/1059
f 619/1058 617/1060 616/1059
f 612/1051 614/1053 618/1057
f 614/1053 619/1058 618/1057
f 620/1061 211/1062 621/1063
f 211/1062 213/1064 621/1063
f 621/1063 213/1064 622/1065
f 213/1064 216/1066 622/1065
f 622/1065 216/1066 623/1067
f 216/1066 218/1068 623/1067
f 218/1068 624/1069 623/1067
f 623/1067 624/1069 625/1070
f 624/1069 626/1071 625/1070
f 625/1070 626/1071 627/1072
f 626/1071 628/1073 627/1072
f 628/1074 629/1075 627/1076
f 627/1076 629/1075 630/1077
f 631/1078 630/1077 632/1079
f 632/1079 630/1077 633/1080
f 633/1080 630/1077 634/1081
f 630/1077 629/1082 634/1081
f 635/1083 636/1084 637/1085
f 637/1085 636/1084 638/1086
f 638/1087 636/1088 639/1089
f 636/1088 640/1090 639/1089
f 639/1089 640/1090 59/1091
f 640/1090 368/1092 59/1091
f 410/622 641/1093 412/624
f 412/624 641/1093 642/1094
f 641/1093 643/1095 642/1094
f 642/1094 643/1095 644/1096
f 643/1095 645/1097 644/1096
f 645/1097 646/1098 644/1096
f 646/1098 647/1099 644/1096
f 644/1096 647/1099 648/1100
f 648/1100 647/1099 649/1101
f 647/1099 650/1102 649/1101
f 649/1101 650/1102 651/1103
f 650/1102 652/1104 651/1103
f 651/1103 652/1104 653/1105
f 652/1104 654/1106 653/1105
f 654/1106 655/1107 653/1105
f 655/1108 656/1109 653/1110
f 653/1110 656/1109 657/1111
f 656/1109 658/1112 657/1111
f 659/1113 660/1114 661/1115
f 660/1114 662/1116 661/1115
f 661/1115 662/1116 663/1117
f 662/1116 664/1118 663/1117
f 663/1117 664/1118 239/335
f 664/1118 238/334 239/335
f 665/1119 666/1120 667/1121
f 666/1120 668/1122 667/1121
f 668/1122 669/1123 667/1121
f 667/1121 669/1123 409/621
f 669/1124 670/1125 409/621
f 409/621 670/1125 410/622
f 670/1125 671/1126 410/622
f 410/622 671/1126 641/1127
f 671/1126 672/1128 641/1127
f 672/1129 673/1130 641/1093
f 641/1093 673/1130 643/1095
f 673/1130 674/1131 643/1095
f 675/1132 676/1133 677/1134
f 677/1134 676/1133 678/1135
f 678/1135 676/1133 679/1136
f 676/1133 680/1137 679/1136
f 236/1138 635/1083 237/1139
f 635/1083 681/1140 237/1139
f 237/1139 681/1140 239/1141
f 369/1142 682/1143 392/1144
f 392/1144 682/1143 683/1145
f 682/1143 684/1146 683/1145
f 684/1146 685/1147 683/1145
f 683/1145 685/1147 686/1148
f 685/1147 687/1149 686/1148
f 687/1149 688/1150 686/1148
f 686/1148 688/1150 651/1151
f 688/1150 689/1152 651/1151
f 651/1151 689/1152 690/1153
f 396/612 691/1154 407/611
f 691/1154 692/1155 407/611
f 692/1156 693/1157 407/1158
f 407/1158 693/1157 395/1159
f 629/1082 628/1160 634/1081
f 634/1081 628/1160 694/1161
f 694/1161 628/1160 695/1162
f 628/1160 626/1163 695/1162
f 626/1163 624/1164 695/1162
f 695/1162 624/1164 696/1165
f 624/1164 218/303 696/1165
f 696/1165 218/303 217/302
f 632/1166 633/1167 697/1168
f 633/1167 698/1169 697/1168
f 697/1168 698/1169 414/628
f 414/628 698/1169 411/627
f 698/1170 667/1121 411/623
f 411/623 667/1121 409/621
f 699/1171 700/1172 701/1173
f 700/1172 702/1174 701/1173
f 701/1175 702/1176 703/1177
f 703/1177 702/1176 704/1178
f 702/1176 705/1179 704/1178
f 704/1178 705/1179 706/1180
f 706/1180 705/1179 707/1181
f 705/1179 708/1182 707/1181
f 707/1181 708/1182 709/1183
f 708/1182 710/1184 709/1183
f 709/1183 710/1184 711/1185
f 710/1184 712/1186 711/1185
f 712/1186 713/1187 711/1185
f 711/1185 713/1187 714/1188
f 713/1187 715/1189 714/1188
f 714/1188 715/1189 716/1190
f 715/1191 717/1192 716/1193
f 716/1193 717/1192 718/1194
f 717/1192 719/1195 718/1194
f 718/1194 719/1195 720/1196
f 719/1195 701/1175 720/1196
f 720/1196 701/1175 703/1177
f 219/1197 721/1198 217/302
f 217/302 721/1198 696/1165
f 721/1198 680/1199 696/1165
f 696/1165 680/1199 695/1200
f 680/1199 676/1201 695/1200
f 695/1200 676/1201 694/1202
f 676/1203 675/1204 694/1161
f 694/1161 675/1204 634/1081
f 398/1205 392/1206 722/1207
f 392/1206 683/1208 722/1207
f 722/1207 683/1208 723/1209
f 683/1208 686/1210 723/1209
f 723/1209 686/1210 724/1211
f 724/1211 686/1210 657/1212
f 657/1212 686/1210 653/1213
f 686/1148 651/1151 653/1214
f 681/1140 725/1215 239/1141
f 239/1141 725/1215 663/1216
f 663/1216 725/1215 661/1217
f 725/1215 726/1218 661/1217
f 661/1217 726/1218 659/1219
f 726/1218 727/1220 659/1219
f 620/1061 621/1063 728/1221
f 728/1221 621/1063 729/1222
f 621/1063 622/1223 729/1222
f 729/1222 622/1223 730/1224
f 622/1223 623/1225 730/1224
f 730/1224 623/1225 731/1226
f 623/1225 625/1227 731/1226
f 731/1226 625/1227 732/1228
f 732/1228 625/1227 733/1229
f 625/1227 627/1230 733/1229
f 733/1231 627/1076 734/1232
f 627/1076 630/1077 734/1232
f 734/1232 630/1077 631/1078
f 727/1233 726/1234 735/1235
f 726/1234 736/1236 735/1235
f 736/1236 737/1237 735/1235
f 735/1235 737/1237 692/1156
f 737/1237 738/1238 692/1156
f 692/1156 738/1238 693/1157
f 251/1239 253/1240 739/1241
f 253/1240 740/1242 739/1241
f 739/1243 740/1244 649/1245
f 649/1245 740/1244 648/1246
f 740/1244 741/1247 648/1246
f 648/1246 741/1247 644/1248
f 741/1247 742/1249 644/1248
f 644/1248 742/1249 642/1250
f 642/1250 742/1249 412/625
f 412/625 742/1249 413/626
f 742/1251 255/1252 413/1253
f 255/1252 256/1254 413/1253
f 413/1253 256/1254 414/1255
f 256/1254 258/1256 414/1255
f 743/1257 744/1258 652/1259
f 652/1259 744/1258 654/1260
f 744/1258 745/1261 654/1260
f 654/1260 745/1261 655/1262
f 745/1261 746/1263 655/1262
f 655/1264 746/1265 747/1266
f 747/1266 746/1265 748/1267
f 746/1265 749/1268 748/1267
f 748/1269 749/1270 750/1271
f 749/1270 751/1272 750/1271
f 750/1271 751/1272 752/1273
f 751/1272 700/1274 752/1273
f 752/1273 700/1274 674/1275
f 700/1274 699/1276 674/1275
f 674/1275 699/1276 753/1277
f 699/1276 754/1278 753/1277
f 753/1277 754/1278 755/1279
f 754/1278 756/1280 755/1279
f 755/1279 756/1280 757/1281
f 756/1280 743/1257 757/1281
f 757/1281 743/1257 652/1259
f 758/1282 759/1283 760/1284
f 760/1284 759/1283 761/1285
f 761/1286 759/1287 762/1288
f 759/1287 763/1289 762/1288
f 762/1288 763/1289 220/306
f 763/1289 764/1290 220/306
f 220/306 764/1290 219/1291
f 219/1291 764/1290 721/1292
f 721/1292 764/1290 680/1293
f 680/1293 764/1290 679/1294
f 764/1290 763/1295 679/1294
f 679/1294 763/1295 765/1296
f 763/1295 759/1297 765/1296
f 765/1296 759/1297 758/1298
f 660/1299 666/1300 662/1301
f 666/1300 665/1302 662/1301
f 662/1301 665/1302 766/1303
f 766/1304 665/1305 767/1306
f 767/1306 665/1305 677/1134
f 665/1305 768/1307 677/1134
f 677/1134 768/1307 634/1308
f 768/1307 633/1309 634/1308
f 677/1134 634/1308 675/1132
f 262/1310 246/1311 769/1312
f 246/1311 770/1313 769/1312
f 769/1314 770/1313 771/1315
f 770/1313 772/1316 771/1315
f 771/1315 772/1316 95/1317
f 95/1317 772/1316 97/1318
f 772/1316 773/1319 97/1320
f 773/1319 774/1321 97/1322
f 97/1322 774/1321 99/1323
f 774/1321 775/1324 99/1325
f 775/1324 776/1326 99/1325
f 99/1325 776/1326 68/1327
f 68/1327 776/1326 371/1328
f 776/1329 682/1330 371/1331
f 371/1331 682/1330 369/1332
f 632/1333 769/1334 631/1335
f 769/1334 771/1336 631/1335
f 771/1336 733/1229 631/1335
f 631/1335 733/1229 734/1337
f 777/1338 224/1339 778/1340
f 224/1339 212/1341 778/1340
f 766/1303 779/1342 240/336
f 240/336 779/1342 241/1343
f 241/1344 779/1345 760/1284
f 760/1284 779/1345 758/1282
f 779/1345 780/1346 758/1282
f 758/1282 780/1346 765/1347
f 780/1346 678/1135 765/1347
f 765/1347 678/1135 679/1136
f 395/591 693/1348 58/590
f 58/590 693/1348 781/1349
f 693/1348 738/1350 781/1349
f 781/1349 738/1350 782/1351
f 738/1350 737/1352 782/1351
f 782/1351 737/1352 783/1353
f 224/1339 777/1338 225/1354
f 777/1338 784/1355 225/1354
f 784/1356 785/1357 225/315
f 225/315 785/1357 226/316
f 785/1357 786/1358 226/316
f 226/318 786/1359 2/2
f 2/2 786/1359 3/367
f 3/367 786/1359 266/368
f 266/371 786/1358 268/372
f 786/1358 785/1357 268/372
f 785/1357 784/1360 268/372
f 268/372 784/1360 270/1361
f 784/1355 787/1362 270/376
f 270/376 787/1362 273/380
f 273/381 787/1363 274/382
f 787/1363 788/1364 274/382
f 274/382 788/1364 789/1365
f 788/1364 83/108 789/1366
f 83/108 85/1367 789/1366
f 85/113 87/114 789/1368
f 87/114 278/1369 789/1368
f 278/1369 275/384 789/1368
f 789/1368 275/384 274/382
f 777/1370 778/1371 790/1372
f 778/1371 791/1373 790/1372
f 231/326 368/546 232/1374
f 368/546 640/1375 232/1374
f 232/1374 640/1375 234/1376
f 640/1375 636/1377 234/1376
f 234/1376 636/1377 236/1378
f 636/1377 635/1379 236/1378
f 59/84 58/83 639/1089
f 58/83 781/1380 639/1089
f 639/1089 781/1380 638/1087
f 781/1380 782/1381 638/1087
f 638/1087 782/1381 637/1382
f 782/1381 783/1383 637/1382
f 783/1383 792/1384 637/1382
f 637/1382 792/1384 793/1385
f 262/1310 769/1312 794/1386
f 769/1334 632/1333 794/1387
f 794/1388 632/1389 260/1390
f 632/1389 697/1391 260/1390
f 260/1390 697/1391 258/1256
f 697/1391 414/1255 258/1256
f 396/1392 398/1393 691/1394
f 398/1393 722/1395 691/1394
f 691/1394 722/1395 795/1396
f 722/1395 723/1397 795/1396
f 795/1396 723/1397 796/1398
f 723/1397 724/1399 796/1398
f 796/1398 724/1399 797/1400
f 724/1399 657/1401 797/1400
f 657/1111 658/1112 797/1402
f 658/1112 798/1403 797/1402
f 798/1403 799/1404 797/1402
f 797/1405 799/1406 796/1407
f 799/1406 800/1408 796/1407
f 800/1408 735/1235 796/1407
f 735/1235 692/1156 796/1407
f 796/1407 692/1156 795/1409
f 692/1156 691/1410 795/1409
f 674/1275 753/1277 643/1411
f 643/1411 753/1277 645/1412
f 753/1413 755/1414 645/1415
f 645/1415 755/1414 646/1416
f 755/1414 757/1281 646/1416
f 646/1416 757/1281 647/1417
f 647/1417 757/1281 650/1418
f 757/1281 652/1259 650/1418
f 681/1419 736/1236 725/1420
f 736/1236 726/1234 725/1420
f 637/1085 793/1421 635/1083
f 635/1083 793/1421 681/1140
f 793/1421 792/1422 681/1140
f 681/1140 792/1422 736/1423
f 792/1422 783/1353 736/1423
f 736/1423 783/1353 737/1352
f 91/1424 82/1425 728/1426
f 82/1425 791/1373 728/1426
f 728/1426 791/1373 620/1427
f 791/1373 778/1371 620/1427
f 778/1371 212/297 620/1427
f 620/1427 212/297 211/296
f 655/1264 747/1266 656/1428
f 747/1266 801/1429 656/1428
f 801/1429 802/1430 656/1428
f 656/1428 802/1430 658/1112
f 802/1430 798/1403 658/1112
f 766/1431 767/1432 779/1433
f 779/1433 767/1432 780/1434
f 767/1432 677/1134 780/1434
f 780/1434 677/1134 678/1135
f 690/1153 803/1435 651/1151
f 803/1436 739/1243 651/1437
f 651/1437 739/1243 649/1245
f 91/1438 728/1439 92/1440
f 728/1439 729/1441 92/1440
f 729/1441 730/1442 92/1440
f 92/1440 730/1442 94/1443
f 730/1442 731/1444 94/1443
f 94/1443 731/1444 95/1445
f 95/1445 731/1444 771/1336
f 731/1444 732/1228 771/1336
f 771/1336 732/1228 733/1229
f 83/108 788/1364 81/106
f 81/106 788/1364 790/1446
f 788/1364 787/1363 790/1446
f 790/1447 787/1362 777/1338
f 787/1362 784/1355 777/1338
f 249/1448 251/1449 803/1436
f 251/1449 739/1243 803/1436
f 238/1450 664/1451 242/338
f 242/338 664/1451 240/336
f 240/336 664/1451 766/1303
f 664/1451 662/1301 766/1303
f 799/1452 798/1453 804/1454
f 804/1454 798/1453 805/1455
f 798/1456 802/1457 805/1458
f 805/1458 802/1457 806/1459
f 802/1457 801/1460 806/1459
f 806/1459 801/1460 748/1461
f 801/1460 747/1462 748/1461
f 804/1454 807/1463 799/1464
f 799/1464 807/1463 800/1465
f 807/1466 808/1467 800/1468
f 800/1468 808/1467 735/1469
f 808/1467 659/1219 735/1469
f 735/1469 659/1219 727/1220
f 666/1300 660/1299 668/1470
f 660/1299 809/1471 668/1470
f 668/1470 809/1471 669/1472
f 809/1471 810/1473 669/1472
f 810/1474 811/1475 669/1476
f 669/1476 811/1475 670/1477
f 670/1477 811/1475 671/1478
f 811/1475 812/1479 671/1478
f 671/1478 812/1479 672/1480
f 672/1480 812/1479 673/1481
f 812/1479 813/1482 673/1481
f 673/1481 813/1482 674/1483
f 674/1483 813/1482 752/1484
f 752/1484 813/1482 750/1485
f 813/1482 806/1459 750/1485
f 750/1485 806/1459 748/1461
f 814/1486 815/1487 816/1488
f 815/1487 817/1489 816/1488
f 816/1490 817/1491 818/1492
f 817/1491 819/1493 818/1492
f 818/1492 819/1493 820/1494
f 819/1493 821/1495 820/1494
f 821/1495 822/1496 820/1494
f 820/1494 822/1496 823/1497
f 822/1496 824/1498 823/1497
f 823/1497 824/1498 825/1499
f 825/1500 824/1501 826/1502
f 824/1501 827/1503 826/1502
f 826/1504 827/1505 828/1506
f 827/1505 829/1507 828/1506
f 828/1506 829/1507 830/1508
f 829/1507 831/1509 830/1508
f 830/1508 831/1509 832/1510
f 831/1509 833/1511 832/1510
f 832/1510 833/1511 814/1512
f 833/1511 815/1513 814/1512
f 834/1514 835/1515 836/1516
f 835/1515 837/1517 836/1516
f 836/1516 837/1517 838/1518
f 837/1517 839/1519 838/1518
f 838/1518 839/1519 840/1520
f 839/1519 841/1521 840/1520
f 842/1522 843/1523 844/1524
f 843/1523 845/1525 844/1524
f 844/1524 845/1525 846/1526
f 845/1525 847/1527 846/1526
f 847/1527 848/1528 846/1526
f 846/1526 848/1528 849/1529
f 848/1528 850/1530 849/1529
f 849/1529 850/1530 851/1531
f 850/1530 852/1532 851/1531
f 851/1531 852/1532 853/1533
f 852/1532 854/1534 853/1533
f 853/1533 854/1534 855/1535
f 854/1534 856/1536 855/1535
f 855/1535 856/1536 857/1537
f 856/1536 858/1538 857/1537
f 857/1537 858/1538 859/1539
f 859/1539 858/1538 860/1540
f 858/1538 861/1541 860/1540
f 860/1542 861/1543 862/1544
f 861/1543 863/1545 862/1544
f 862/1544 863/1545 864/1546
f 863/1545 865/1547 864/1546
f 864/1546 865/1547 842/1522
f 865/1547 843/1523 842/1522
f 866/1548 867/1549 834/1550
f 834/1550 867/1549 835/1551
f 867/1549 868/1552 835/1551
f 835/1551 868/1552 837/1553
f 868/1552 869/1554 837/1553
f 869/1554 870/1555 837/1553
f 837/1553 870/1555 839/1519
f 870/1555 871/1556 839/1519
f 839/1519 871/1556 841/1521
f 871/1556 872/1557 841/1521
f 872/1558 873/1559 841/1560
f 841/1560 873/1559 840/1561
f 873/1559 874/1562 840/1561
f 840/1561 874/1562 838/1563
f 874/1562 875/1564 838/1563
f 875/1564 876/1565 838/1563
f 838/1563 876/1565 836/1566
f 876/1565 877/1567 836/1566
f 836/1566 877/1567 834/1550
f 877/1567 866/1548 834/1550
f 842/1522 844/1568 875/1569
f 875/1569 844/1568 876/1570
f 876/1570 844/1568 877/1571
f 844/1568 846/1572 877/1571
f 877/1571 846/1572 866/1573
f 846/1572 849/1574 866/1573
f 866/1573 849/1574 867/1575
f 849/1574 851/1576 867/1575
f 851/1576 853/1577 867/1575
f 867/1575 853/1577 868/1578
f 853/1577 855/1579 868/1578
f 868/1578 855/1579 869/1580
f 855/1579 857/1581 869/1580
f 869/1580 857/1581 870/1582
f 870/1582 857/1581 871/1583
f 857/1581 859/1584 871/1583
f 859/1584 860/1585 871/1583
f 871/1583 860/1585 872/1586
f 860/1585 862/1587 872/1586
f 872/1586 862/1587 873/1588
f 862/1587 864/1546 873/1588
f 873/1588 864/1546 874/1589
f 864/1546 842/1522 874/1589
f 874/1589 842/1522 875/1569
f 790/1446 791/1590 81/106
f 791/1590 82/1591 81/106
f 178/255 176/252 181/1592
f 176/1593 183/260 181/258
f 220/306 221/308 762/1288
f 221/308 878/1594 762/1288
f 762/1288 878/1594 761/1595
f 761/1596 878/1597 760/1598
f 760/1598 878/1597 241/337
f 241/337 878/1597 243/339
f 878/1597 227/319 243/339
f 227/319 228/320 243/339
f 243/339 228/320 233/1599
f 228/320 229/321 233/1600
f 243/339 233/1599 235/1601
f 308/445 498/1602 307/444
f 307/444 498/1602 358/1603
f 498/1602 499/1604 358/1603
f 358/1603 499/1604 357/1605
f 499/1604 500/1606 357/1605
f 357/1605 500/1606 356/1607
f 500/1606 501/1608 356/1607
f 501/1608 503/1609 356/1607
f 356/1607 503/1609 355/1610
f 503/1609 505/1611 355/1610
f 355/1610 505/1611 350/1612
f 505/1611 508/842 350/1612
f 350/1612 508/842 351/843
f 541/945 879/1613 543/947
f 543/947 879/1613 544/1614
f 544/1614 879/1613 545/1615
f 879/1613 880/1616 545/1615
f 545/1615 880/1616 546/1617
f 880/1616 881/1618 546/1617
f 546/1617 881/1618 547/1619
f 881/1618 882/1620 547/1619
f 882/1620 883/1621 547/1619
f 547/1619 883/1621 548/1622
f 883/1621 884/1623 548/1622
f 548/1622 884/1623 549/1624
f 884/1625 885/1626 549/1627
f 549/1627 885/1626 550/1628
f 885/1626 886/1629 550/1628
f 550/1628 886/1629 551/1630
f 886/1629 540/944 551/1630
f 551/1630 540/944 542/946
f 592/1631 887/1632 590/1633
f 887/1632 888/1634 590/1633
f 590/1633 888/1634 589/1028
f 888/1634 889/1635 589/1028
f 889/1635 890/1636 589/1028
f 589/1028 890/1636 587/1026
f 587/1026 890/1636 586/1637
f 586/1637 890/1636 891/1638
f 890/1636 892/1639 891/1640
f 891/1640 892/1639 893/1641
f 892/1639 894/1642 893/1643
f 893/1643 894/1642 895/1644
f 895/1645 894/1642 896/1646
f 894/1642 897/1647 896/1646
f 896/1648 897/1649 584/1650
f 584/1650 897/1649 585/1024
f 897/1649 898/1651 585/1024
f 585/1024 898/1651 588/1027
f 588/1027 898/1651 591/1652
f 898/1651 899/1653 591/1652
f 591/1652 899/1653 593/1654
f 593/1654 899/1653 900/1655
f 899/1656 901/1657 900/1658
f 900/1658 901/1657 902/1659
f 901/1660 903/1661 902/1662
f 902/1662 903/1661 904/1663
f 903/1664 888/1665 904/1666
f 904/1666 888/1665 887/1667
f 633/1167 768/1668 698/1169
f 768/1669 665/1670 698/1170
f 698/1170 665/1670 667/1121
f 700/1172 751/1671 702/1174
f 702/1174 751/1671 705/1672
f 751/1671 749/1673 705/1672
f 705/1672 749/1673 708/1674
f 749/1675 746/1676 708/1677
f 708/1677 746/1676 710/1678
f 746/1676 745/1679 710/1678
f 710/1678 745/1679 712/1680
f 745/1679 744/1681 712/1680
f 712/1680 744/1681 713/1682
f 744/1681 743/1683 713/1682
f 713/1682 743/1683 715/1684
f 743/1683 756/1685 715/1684
f 715/1684 756/1685 717/1686
f 756/1685 754/1687 717/1686
f 717/1686 754/1687 719/1688
f 754/1687 699/1171 719/1688
f 719/1688 699/1171 701/1173
f 740/1242 253/1240 741/1689
f 253/1240 255/1252 741/1689
f 741/1689 255/1252 742/1251
f 682/1330 776/1329 684/1690
f 776/1329 775/1691 684/1690
f 684/1690 775/1691 685/1692
f 775/1691 905/1693 685/1692
f 685/1692 905/1693 687/1694
f 905/1693 906/1695 687/1694
f 687/1694 906/1695 688/1696
f 906/1695 907/1697 688/1696
f 688/1696 907/1697 689/1698
f 907/1697 908/1699 689/1698
f 689/1698 908/1699 690/1700
f 690/1700 908/1699 803/1701
f 803/1702 908/1703 249/1704
f 249/1704 908/1703 247/1705
f 247/1705 908/1703 246/1311
f 908/1703 907/1706 246/1311
f 246/1311 907/1706 770/1313
f 907/1706 906/1707 770/1313
f 770/1313 906/1707 772/1316
f 772/1316 906/1707 773/1319
f 906/1707 905/1708 773/1319
f 773/1319 905/1708 774/1321
f 905/1708 775/1324 774/1321
f 808/1467 809/1709 659/1219
f 809/1471 660/1299 659/1710
f 221/308 222/310 878/1594
f 222/317 227/319 878/1597
f 890/1636 889/1635 892/1639
f 889/1635 909/1711 892/1639
f 892/1639 909/1711 894/1642
f 909/1711 910/1712 894/1642
f 894/1642 910/1712 897/1647
f 897/1647 910/1712 898/1713
f 898/1713 910/1712 899/1656
f 899/1656 910/1712 901/1657
f 910/1712 909/1711 901/1660
f 901/1660 909/1711 903/1661
f 909/1711 889/1635 903/1664
f 903/1664 889/1635 888/1665
f 911/1714 912/1715 594/1716
f 594/1716 912/1715 596/1717
f 596/1718 912/1719 598/1720
f 912/1719 913/1721 598/1720
f 598/1722 913/1723 600/1724
f 913/1723 914/1725 600/1724
f 600/1726 914/1727 602/1728
f 914/1727 915/1729 602/1728
f 602/1730 915/1731 603/1732
f 915/1731 916/1733 603/1732
f 916/1734 917/1735 603/1736
f 603/1736 917/1735 601/1737
f 917/1738 918/1739 601/1740
f 601/1740 918/1739 599/1741
f 599/1742 918/1743 597/1744
f 918/1743 919/1745 597/1744
f 597/1746 919/1747 595/1748
f 919/1747 920/1749 595/1748
f 920/1750 911/1751 595/1752
f 595/1752 911/1751 594/1753
f 921/1754 922/1755 923/1756
f 922/1755 924/1757 923/1756
f 924/1757 925/1758 923/1759
f 923/1759 925/1758 926/1760
f 925/1758 927/1761 926/1762
f 926/1762 927/1761 928/1763
f 927/1761 929/1764 928/1765
f 928/1765 929/1764 930/1766
f 929/1764 931/1767 930/1768
f 930/1768 931/1767 932/1769
f 932/1770 931/1771 933/1772
f 931/1771 934/1773 933/1772
f 933/1774 934/1773 935/1775
f 934/1773 936/1776 935/1775
f 936/1776 937/1777 935/1778
f 935/1778 937/1777 938/1779
f 937/1777 939/1780 938/1781
f 939/1780 940/1782 938/1781
f 940/1782 941/1783 938/1781
f 941/1783 942/1784 938/1781
f 938/1779 942/1785 935/1778
f 942/1785 943/1786 935/1778
f 935/1775 943/1787 933/1774
f 943/1787 944/1788 933/1774
f 944/1789 945/1790 933/1772
f 933/1772 945/1790 932/1770
f 945/1791 946/1792 932/1769
f 932/1769 946/1792 930/1768
f 930/1766 946/1793 928/1765
f 946/1793 947/1794 928/1765
f 928/1763 947/1795 926/1762
f 947/1795 948/1796 926/1762
f 948/1797 949/1798 926/1760
f 926/1760 949/1798 923/1759
f 949/1799 950/1800 923/1756
f 923/1756 950/1800 921/1754
f 950/1801 941/1802 921/1803
f 941/1802 940/1804 921/1803
f 921/1803 940/1804 922/1755
f 940/1804 939/1780 922/1755
f 922/1755 939/1780 951/1805
f 939/1780 952/1806 951/1805
f 952/1806 953/1807 951/1805
f 953/1808 954/1809 951/1805
f 951/1805 954/1809 955/1810
f 954/1811 956/1812 955/1810
f 955/1810 956/1812 957/1813
f 957/1813 956/1814 958/1815
f 956/1816 959/1817 958/1815
f 958/1815 959/1817 960/1818
f 960/1818 959/1819 961/1820
f 959/1819 962/1821 961/1820
f 961/1822 962/1823 963/1824
f 963/1824 962/1825 964/1826
f 962/1825 965/1827 964/1826
f 964/1826 965/1828 966/1829
f 965/1830 953/1831 966/1829
f 953/1831 952/1806 966/1829
f 952/1806 939/1780 966/1829
f 939/1780 937/1777 966/1829
f 966/1829 937/1777 964/1826
f 937/1777 936/1776 964/1826
f 964/1826 936/1776 963/1824
f 936/1776 934/1773 963/1824
f 963/1824 934/1773 961/1822
f 934/1773 931/1771 961/1822
f 961/1820 931/1767 960/1818
f 931/1767 929/1764 960/1818
f 929/1764 927/1761 960/1818
f 960/1818 927/1761 958/1815
f 927/1761 925/1758 958/1815
f 958/1815 925/1758 957/1813
f 925/1758 924/1757 957/1813
f 957/1813 924/1757 955/1810
f 924/1757 922/1755 955/1810
f 955/1810 922/1755 951/1805
f 954/1809 953/1808 967/1832
f 953/1831 965/1830 967/1833
f 965/1827 962/1825 967/1834
f 962/1821 959/1819 967/1835
f 959/1817 956/1816 967/1836
f 967/1837 956/1812 954/1811
f 948/1838 947/1839 916/1840
f 916/1840 947/1839 917/1841
f 947/1839 946/1842 917/1841
f 917/1841 946/1842 918/1843
f 946/1842 945/1844 918/1843
f 918/1843 945/1844 919/1845
f 945/1844 944/1846 919/1845
f 919/1845 944/1846 920/1847
f 920/1847 944/1846 911/1848
f 944/1846 943/1849 911/1848
f 911/1848 943/1849 912/1850
f 943/1849 942/1851 912/1850
f 942/1851 941/1852 912/1850
f 912/1850 941/1852 913/1853
f 941/1854 950/1855 913/1856
f 913/1856 950/1855 914/1857
f 950/1855 949/1858 914/1857
f 914/1857 949/1858 915/1859
f 949/1858 948/1838 915/1859
f 915/1859 948/1838 916/1840
f 596/1860 51/1861 594/1862
f 51/1861 49/1863 594/1862
f 594/1862 49/1863 595/1864
f 49/1863 48/1865 595/1864
f 595/1864 48/1865 597/1866
f 48/1865 50/1867 597/1866
f 597/1866 50/1867 599/1868
f 50/1867 52/1869 599/1868
f 52/1869 54/1870 599/1868
f 599/1868 54/1870 601/1871
f 54/1870 56/1872 601/1871
f 601/1871 56/1872 603/1873
f 56/1872 57/1874 603/1873
f 603/1873 57/1874 602/1875
f 57/1874 55/80 602/1875
f 602/1875 55/80 600/1039
f 55/80 53/78 600/1039
f 600/1039 53/78 598/1037
f 598/1037 53/78 596/1876
f 53/78 51/1877 596/1876
f 146/214 148/215 968/1878
f 148/217 150/218 968/1879
f 968/1879 150/218 969/1880
f 969/1881 150/221 970/1882
f 150/221 153/222 970/1882
f 153/225 155/226 970/1883
f 970/1883 155/226 971/1884
f 155/228 157/229 971/1885
f 971/1885 157/229 972/1886
f 157/231 159/232 972/1887
f 972/1887 159/232 973/1888
f 159/233 142/234 973/1889
f 142/234 974/1890 973/1889
f 973/1891 974/1892 975/1893
f 974/1892 976/1894 975/1893
f 976/1894 598/1722 975/1893
f 598/1722 600/1724 975/1893
f 600/1726 602/1728 975/1893
f 975/1893 602/1728 977/1895
f 602/1730 603/1732 977/1895
f 977/1895 603/1732 978/1896
f 603/1736 601/1737 978/1896
f 978/1896 601/1737 979/1897
f 601/1740 599/1741 979/1897
f 979/1897 599/1741 980/1898
f 980/1898 599/1742 981/1899
f 599/1742 597/1744 981/1899
f 981/1899 597/1746 982/1900
f 597/1746 595/1748 982/1900
f 982/1900 595/1752 983/1901
f 595/1752 594/1753 983/1901
f 983/1901 594/1716 984/1902
f 594/1716 596/1717 984/1902
f 596/1718 598/1720 984/1902
f 598/1720 976/1903 984/1902
f 976/1903 974/1904 984/1902
f 984/1902 974/1904 985/1905
f 974/1906 142/206 985/1907
f 142/206 143/207 985/1907
f 985/1908 143/208 986/1909
f 143/208 144/209 986/1909
f 986/1910 144/211 987/1911
f 144/211 146/212 987/1911
f 146/214 968/1878 987/1912
f 987/1913 968/1914 981/1899
f 981/1899 968/1914 980/1898
f 968/1914 969/1915 980/1898
f 969/1915 970/1916 980/1898
f 980/1898 970/1916 979/1897
f 970/1916 971/1917 979/1897
f 979/1897 971/1917 978/1896
f 971/1917 972/1918 978/1896
f 978/1896 972/1918 977/1895
f 972/1918 973/1891 977/1895
f 977/1895 973/1891 975/1893
f 984/1902 985/1905 983/1901
f 985/1905 986/1919 983/1901
f 983/1901 986/1919 982/1900
f 986/1919 987/1913 982/1900
f 982/1900 987/1913 981/1899
f 988/1920 989/1921 136/1922
f 136/1922 989/1921 134/1923
f 989/1921 990/1924 134/1923
f 134/1923 990/1924 132/1925
f 132/1925 990/1924 131/1926
f 990/1924 991/1927 131/1926
f 991/1927 992/1928 131/1926
f 131/1926 992/1928 129/1929
f 992/1928 993/1930 129/1929
f 129/1929 993/1930 127/1931
f 993/1930 994/1932 127/1931
f 127/1931 994/1932 125/1933
f 994/1932 995/1934 125/1933
f 125/1933 995/1934 123/1935
f 123/1935 995/1934 122/1936
f 995/1934 996/1937 122/1936
f 996/1937 997/1938 122/1936
f 122/1936 997/1938 138/1939
f 997/1938 988/1920 138/1939
f 138/1939 988/1920 136/1922
f 118/162 102/163 998/1940
f 102/135 103/136 998/1941
f 998/1941 103/136 999/1942
f 103/138 105/139 999/1943
f 999/1943 105/139 1000/1944
f 105/141 107/142 1000/1945
f 1000/1945 107/142 1001/1946
f 107/144 109/145 1001/1947
f 1001/1947 109/145 1002/1948
f 1002/1949 109/146 1003/1950
f 109/146 110/148 1003/1950
f 1003/1951 110/151 1004/1952
f 110/151 113/152 1004/1952
f 1004/1953 113/153 1005/1954
f 113/153 114/154 1005/1954
f 1005/1955 114/156 1006/1956
f 114/156 116/157 1006/1956
f 1006/1957 116/159 1007/1958
f 116/159 118/160 1007/1958
f 118/162 998/1940 1007/1959
f 1007/1959 998/1940 120/203
f 998/1941 999/1942 120/164
f 120/164 999/1942 121/165
f 999/1943 1000/1944 121/168
f 121/168 1000/1944 124/169
f 1000/1945 1001/1946 124/172
f 124/172 1001/1946 126/173
f 1001/1947 1002/1948 126/176
f 126/176 1002/1948 128/177
f 128/180 1002/1949 130/181
f 1002/1949 1003/1950 130/181
f 1003/1951 1004/1952 130/185
f 130/185 1004/1952 133/187
f 133/189 1004/1953 135/191
f 1004/1953 1005/1954 135/191
f 135/193 1005/1955 137/195
f 1005/1955 1006/1956 137/195
f 137/197 1006/1957 139/199
f 1006/1957 1007/1958 139/199
f 139/201 1007/1959 120/203
f 84/111 1008/1960 86/112
f 1008/1960 1009/1961 86/112
f 86/116 1009/1962 78/118
f 1009/1962 1010/1963 78/118
f 78/103 1010/1964 75/100
f 1010/1964 1011/1965 75/100
f 75/100 1011/1966 73/98
f 1011/1966 1012/1967 73/98
f 73/98 1012/1968 71/96
f 1012/1968 1013/1969 71/96
f 71/96 1013/1970 70/95
f 1013/1970 1014/1971 70/95
f 70/131 1014/1972 98/129
f 1014/1972 1015/1973 98/129
f 1015/1974 1016/1975 98/129
f 98/129 1016/1975 96/127
f 96/127 1016/1976 93/124
f 1016/1976 1017/1977 93/124
f 1017/1978 1008/1979 93/124
f 93/124 1008/1979 84/109
f 208/291 1018/1980 210/293
f 1018/1980 1019/1981 210/293
f 1019/1982 1020/1983 210/293
f 210/293 1020/1983 191/295
f 1020/1984 1021/1985 191/274
f 191/274 1021/1985 192/275
f 1021/1986 1022/1987 192/275
f 192/275 1022/1987 195/278
f 1022/1988 1023/1989 195/278
f 195/278 1023/1989 197/280
f 1023/1990 1024/1991 197/280
f 197/280 1024/1991 199/282
f 199/282 1024/1992 201/284
f 1024/1992 1025/1993 201/284
f 201/284 1025/1994 204/287
f 1025/1994 1026/1995 204/287
f 204/287 1026/1996 206/289
f 1026/1996 1027/1997 206/289
f 206/289 1027/1998 208/291
f 208/291 1027/1998 1018/1999
f 1027/1998 1028/2000 1018/1999
f 1028/2000 1029/2001 1018/1999
f 1018/1980 1029/2002 1019/1981
f 1029/2002 1030/2003 1019/1981
f 1030/2004 1031/2005 1019/1982
f 1019/1982 1031/2005 1020/1983
f 1031/2006 1032/2007 1020/1984
f 1020/1984 1032/2007 1021/1985
f 1032/2008 1033/2009 1021/1986
f 1021/1986 1033/2009 1022/1987
f 1033/2010 1034/2011 1022/1988
f 1022/1988 1034/2011 1023/1989
f 1034/2012 1035/2013 1023/1990
f 1023/1990 1035/2013 1024/1991
f 1024/1992 1035/2014 1025/1993
f 1035/2014 1036/2015 1025/1993
f 1025/1994 1036/2016 1026/1995
f 1036/2016 1037/2017 1026/1995
f 1026/1996 1037/2018 1027/1997
f 1027/1997 1037/2018 1028/2019
f 1037/2018 1038/2020 1028/2019
f 1038/2020 1039/2021 1028/2019
f 1028/2000 1039/2022 1029/2001
f 1039/2022 1040/2023 1029/2001
f 1029/2002 1040/2024 1030/2003
f 1040/2024 1041/2025 1030/2003
f 1041/2026 1042/2027 1030/2004
f 1030/2004 1042/2027 1031/2005
f 1042/2028 1043/2029 1031/2006
f 1031/2006 1043/2029 1032/2007
f 1043/2030 1044/2031 1032/2008
f 1032/2008 1044/2031 1033/2009
f 1044/2032 1045/2033 1033/2010
f 1033/2010 1045/2033 1034/2011
f 1045/2034 1046/2035 1034/2012
f 1034/2012 1046/2035 1035/2013
f 1035/2014 1046/2036 1036/2015
f 1046/2036 1047/2037 1036/2015
f 1036/2016 1047/2038 1037/2017
f 1037/2017 1047/2038 1038/2039
f 1047/2037 1048/2040 1038/2041
f 1038/2041 1048/2040 1039/2042
f 1039/2042 1048/2040 1040/2043
f 1040/2043 1048/2040 1041/2044
f 1041/2044 1048/2040 1042/2045
f 1042/2045 1048/2040 1043/2046
f 1043/2046 1048/2040 1044/2047
f 1044/2047 1048/2040 1045/2048
f 1045/2048 1048/2040 1046/2049
f 1048/2040 1047/2037 1046/2036
f 996/1937 995/1934 1049/2050
f 1049/2050 995/1934 1050/2051
f 995/1934 994/1932 1050/2052
f 1050/2052 994/1932 1051/2053
f 994/1932 993/1930 1051/2054
f 1051/2054 993/1930 1052/2055
f 993/1930 992/1928 1052/2056
f 1052/2056 992/1928 1053/2057
f 992/1928 991/1927 1053/2058
f 1053/2058 991/1927 1054/2059
f 1054/2060 991/1927 1055/2061
f 991/1927 990/1924 1055/2061
f 1055/2062 990/1924 1056/2063
f 990/1924 989/1921 1056/2063
f 1056/2064 989/1921 1057/2065
f 989/1921 988/1920 1057/2065
f 1057/2066 988/1920 1058/2067
f 988/1920 997/1938 1058/2067
f 1058/2068 997/1938 1049/2069
f 997/1938 996/1937 1049/2069
f 1059/2070 1060/2071 1061/2072
f 1060/2073 1062/2074 1061/2075
f 1061/2075 1062/2074 1063/2076
f 1062/2077 1064/2078 1063/2079
f 1063/2079 1064/2078 1065/2080
f 1064/2081 1066/2082 1065/2083
f 1065/2083 1066/2082 1067/2084
f 1066/2085 1068/2086 1067/2087
f 1067/2087 1068/2086 1069/2088
f 1068/2089 1070/2090 1069/2091
f 1069/2091 1070/2090 1071/2092
f 1070/2093 1072/2094 1071/2095
f 1071/2095 1072/2094 1073/2096
f 1072/2097 1074/2098 1073/2099
f 1073/2099 1074/2098 1075/2100
f 1074/2101 1076/2102 1075/2103
f 1075/2103 1076/2102 1077/2104
f 1076/2105 1078/2106 1077/2107
f 1077/2107 1078/2106 1059/2108
f 1059/2070 1078/2109 1060/2071
f 1078/2109 1079/2110 1060/2071
f 1079/2111 1080/2112 1060/2073
f 1060/2073 1080/2112 1062/2074
f 1080/2113 1081/2114 1062/2077
f 1062/2077 1081/2114 1064/2078
f 1081/2115 1082/2116 1064/2081
f 1064/2081 1082/2116 1066/2082
f 1082/2117 1083/2118 1066/2085
f 1066/2085 1083/2118 1068/2086
f 1083/2119 1084/2120 1068/2089
f 1068/2089 1084/2120 1070/2090
f 1084/2121 1085/2122 1070/2093
f 1070/2093 1085/2122 1072/2094
f 1085/2123 1086/2124 1072/2097
f 1072/2097 1086/2124 1074/2098
f 1086/2125 1087/2126 1074/2101
f 1074/2101 1087/2126 1076/2102
f 1087/2127 1088/2128 1076/2105
f 1076/2105 1088/2128 1078/2106
f 1078/2109 1088/2129 1079/2110
f 1088/2129 1089/2130 1079/2110
f 1089/2131 1090/2132 1079/2111
f 1079/2111 1090/2132 1080/2112
f 1090/2133 1091/2134 1080/2113
f 1080/2113 1091/2134 1081/2114
f 1091/2135 1092/2136 1081/2115
f 1081/2115 1092/2136 1082/2116
f 1092/2137 1093/2138 1082/2117
f 1082/2117 1093/2138 1083/2118
f 1093/2139 1094/2140 1083/2119
f 1083/2119 1094/2140 1084/2120
f 1094/2141 1095/2142 1084/2121
f 1084/2121 1095/2142 1085/2122
f 1095/2143 1096/2144 1085/2123
f 1085/2123 1096/2144 1086/2124
f 1096/2145 1097/2146 1086/2125
f 1086/2125 1097/2146 1087/2126
f 1097/2147 1098/2148 1087/2127
f 1087/2127 1098/2148 1088/2128
f 1098/2149 1089/2130 1088/2129
f 1077/2150 1059/2151 1099/2152
f 1099/2152 1059/2151 1100/2153
f 1059/2154 1061/2155 1100/2156
f 1100/2156 1061/2155 1101/2157
f 1061/2158 1063/2159 1101/2160
f 1101/2160 1063/2159 1102/2161
f 1063/2162 1065/2163 1102/2164
f 1102/2164 1065/2163 1103/2165
f 1065/2166 1067/2167 1103/2168
f 1103/2168 1067/2167 1104/2169
f 1067/2170 1069/2171 1104/2172
f 1104/2172 1069/2171 1105/2173
f 1069/2174 1071/2175 1105/2176
f 1105/2176 1071/2175 1106/2177
f 1071/2178 1073/2179 1106/2180
f 1106/2180 1073/2179 1107/2181
f 1073/2182 1075/2183 1107/2184
f 1107/2184 1075/2183 1108/2185
f 1075/2186 1077/2187 1108/2188
f 1077/2187 1099/2189 1108/2188
f 1108/2188 1099/2189 1109/2190
f 1109/2190 1099/2189 1110/2191
f 1099/2152 1100/2153 1110/2192
f 1110/2192 1100/2153 1111/2193
f 1100/2156 1101/2157 1111/2194
f 1111/2194 1101/2157 1112/2195
f 1101/2160 1102/2161 1112/2196
f 1112/2196 1102/2161 1113/2197
f 1102/2164 1103/2165 1113/2198
f 1113/2198 1103/2165 1114/2199
f 1103/2168 1104/2169 1114/2200
f 1114/2200 1104/2169 1115/2201
f 1104/2172 1105/2173 1115/2202
f 1115/2202 1105/2173 1116/2203
f 1105/2176 1106/2177 1116/2204
f 1116/2204 1106/2177 1117/2205
f 1106/2180 1107/2181 1117/2206
f 1117/2206 1107/2181 1118/2207
f 1107/2184 1108/2185 1118/2208
f 1108/2185 1109/2209 1118/2208
f 1118/2208 1109/2209 1119/2210
f 1119/2210 1109/2209 1120/2211
f 1109/2190 1110/2191 1120/2211
f 1120/2211 1110/2191 1121/2212
f 1110/2192 1111/2193 1121/2212
f 1121/2212 1111/2193 1122/2213
f 1111/2194 1112/2195 1122/2213
f 1122/2213 1112/2195 1123/2214
f 1112/2196 1113/2197 1123/2214
f 1123/2214 1113/2197 1124/2215
f 1113/2198 1114/2199 1124/2215
f 1124/2215 1114/2199 1125/2216
f 1114/2200 1115/2201 1125/2217
f 1125/2217 1115/2201 1126/2218
f 1115/2202 1116/2203 1126/2218
f 1126/2218 1116/2203 1127/2219
f 1116/2204 1117/2205 1127/2219
f 1127/2219 1117/2205 1128/2220
f 1117/2206 1118/2207 1128/2220
f 1118/2207 1119/2210 1128/2220
f 1128/2220 1119/2210 1129/2221
f 1119/2210 1120/2211 1129/2221
f 1120/2211 1121/2212 1129/2221
f 1121/2212 1122/2213 1129/2221
f 1122/2213 1123/2214 1129/2221
f 1123/2214 1124/2215 1129/2221
f 1124/2215 1125/2216 1129/2221
f 1125/2217 1126/2218 1129/2221
f 1126/2218 1127/2219 1129/2221
f 1129/2221 1127/2219 1128/2220
f 1091/2135 1130/2222 1092/2136
f 1130/2222 1131/2223 1092/2136
f 1131/2224 1132/2225 1092/2137
f 1092/2137 1132/2225 1093/2138
f 1132/2225 1133/2226 1093/2139
f 1093/2139 1133/2226 1094/2140
f 1133/2226 1134/2227 1094/2141
f 1094/2141 1134/2227 1095/2142
f 1134/2227 1135/2228 1095/2143
f 1095/2143 1135/2228 1096/2144
f 1096/2145 1135/2228 1097/2146
f 1135/2228 1136/2229 1097/2146
f 1097/2147 1136/2229 1098/2148
f 1136/2229 1137/2230 1098/2148
f 1098/2149 1137/2230 1089/2130
f 1137/2230 1138/2231 1089/2130
f 1089/2131 1138/2231 1090/2132
f 1138/2231 1139/2232 1090/2132
f 1090/2133 1139/2232 1091/2134
f 1091/2134 1139/2232 1130/2222
f 1139/2232 1140/2233 1130/2222
f 1130/2222 1140/2233 1131/2223
f 1131/2224 1140/2233 1132/2225
f 1132/2225 1140/2233 1133/2226
f 1133/2226 1140/2233 1134/2227
f 1134/2227 1140/2233 1135/2228
f 1135/2228 1140/2233 1136/2229
f 1136/2229 1140/2233 1137/2230
f 1137/2230 1140/2233 1138/2231
f 1140/2233 1139/2232 1138/2231
f 1141/2234 1142/2235 1143/2236
f 1143/2236 1142/2235 1144/2237
f 1142/2238 1145/2239 1144/2240
f 1144/2240 1145/2239 1146/2241
f 1146/2242 1145/2243 1147/2244
f 1145/2243 1148/2245 1147/2244
f 1147/2246 1148/2247 1149/2248
f 1148/2247 1150/2249 1149/2248
f 1149/2248 1150/2249 1151/2250
f 1150/2249 1152/2251 1151/2250
f 1151/2250 1152/2251 1153/2252
f 1152/2251 1154/2253 1153/2252
f 1153/2252 1154/2253 1155/2254
f 1154/2253 1156/2255 1155/2254
f 1155/2254 1156/2256 1157/2257
f 1156/2256 1158/2258 1157/2257
f 1157/2257 1158/2258 1159/2259
f 1158/2258 1160/2260 1159/2259
f 1160/2260 1141/2234 1159/2259
f 1159/2259 1141/2234 1143/2236
f 1144/2261 1161/2262 1143/2263
f 1161/2262 1162/2264 1143/2263
f 1143/2263 1162/2264 1159/2265
f 1162/2264 1163/2266 1159/2265
f 1159/2265 1163/2266 1157/2257
f 1163/2266 1164/2267 1157/2257
f 1157/2257 1164/2267 1155/2254
f 1164/2267 1165/2268 1155/2254
f 1155/2254 1165/2268 1153/2252
f 1165/2268 1166/2269 1153/2252
f 1153/2252 1166/2269 1151/2270
f 1166/2269 1167/2271 1151/2270
f 1151/2270 1167/2271 1149/2272
f 1167/2271 1168/2273 1149/2272
f 1149/2272 1168/2273 1147/2274
f 1168/2273 1169/2275 1147/2274
f 1147/2274 1169/2275 1146/2276
f 1169/2275 1170/2277 1146/2276
f 1146/2276 1170/2277 1144/2278
f 1144/2278 1170/2277 1161/2279
f 1170/2280 1171/2281 1161/2282
f 1161/2282 1171/2281 1162/2283
f 1162/2283 1171/2281 1163/2284
f 1163/2284 1171/2281 1164/2285
f 1164/2285 1171/2281 1165/2286
f 1165/2286 1171/2281 1166/2287
f 1166/2287 1171/2281 1167/2288
f 1167/2288 1171/2281 1168/2273
f 1168/2273 1171/2281 1169/2275
f 1171/2281 1170/2280 1169/2289
f 1141/2290 176/252 1142/2291
f 176/252 175/251 1142/2291
f 1142/2238 175/250 1145/2239
f 175/250 172/247 1145/2239
f 1145/2243 172/247 1148/2245
f 172/247 169/244 1148/2245
f 1148/2292 169/244 1150/2293
f 169/244 165/240 1150/2293
f 1150/2294 165/240 1152/2295
f 165/240 163/238 1152/2295
f 1152/2296 163/238 1154/2297
f 163/238 189/272 1154/2297
f 1154/2298 189/270 1156/2299
f 189/270 187/268 1156/2299
f 1156/2300 187/266 1158/2301
f 187/266 185/264 1158/2301
f 1158/2302 185/262 1160/2303
f 185/262 183/260 1160/2303
f 1160/2304 183/260 1141/2305
f 183/260 176/1593 1141/2305
f 1172/2306 1173/2307 1174/2308
f 1173/2307 1175/2309 1174/2308
f 1175/2309 1176/2310 1174/2308
f 1174/2308 1176/2310 1177/2311
f 1176/2310 1178/2312 1177/2311
f 1177/2311 1178/2312 1179/2313
f 1179/2313 1178/2312 1180/2314
f 1180/2314 1178/2312 1181/2315
f 1178/2316 535/2317 1181/2318
f 535/2317 517/2319 1181/2318
f 1181/2315 517/899 1180/2314
f 517/899 519/901 1180/2314
f 1180/2320 519/2321 1179/2313
f 519/2321 521/905 1179/2313
f 1179/2313 521/905 1177/2311
f 521/905 523/907 1177/2311
f 1177/2311 523/907 1174/2322
f 523/907 526/2323 1174/2322
f 1174/2322 526/2323 1172/2324
f 526/2323 528/2325 1172/2324
f 528/913 529/915 1172/2306
f 1172/2306 529/915 1173/2307
f 529/2326 531/919 1173/2327
f 1173/2327 531/919 1175/2309
f 531/919 533/921 1175/2309
f 1175/2309 533/921 1176/2310
f 533/921 535/2317 1176/2310
f 1176/2310 535/2317 1178/2316
f 896/2328 1182/2329 895/2330
f 895/2330 1182/2329 893/2331
f 893/2331 1182/2329 891/1638
f 891/1638 1182/2329 586/1637
f 586/1637 1182/2329 584/2332
f 1182/2329 896/2328 584/2333
f 1183/2334 1184/2335 1185/2336
f 1184/2337 1186/2338 1185/2339
f 1185/2339 1186/2338 1187/2340
f 1186/2341 1188/2342 1187/2343
f 1187/2343 1188/2342 1189/2344
f 1188/2345 1190/2346 1189/2347
f 1189/2347 1190/2346 1191/2348
f 1190/2349 1192/2350 1191/2351
f 1191/2351 1192/2350 1193/2352
f 1192/2353 1194/2354 1193/2355
f 1193/2355 1194/2354 1195/2356
f 1194/2357 1196/2358 1195/2359
f 1195/2359 1196/2358 1197/2360
f 1196/2361 1198/2362 1197/2363
f 1197/2363 1198/2362 1199/2364
f 1198/2365 1200/2366 1199/2367
f 1199/2367 1200/2366 1201/2368
f 1200/2369 1202/2370 1201/2371
f 1201/2371 1202/2370 1183/2372
f 1183/2334 1202/2373 1184/2335
f 1202/2373 1203/2374 1184/2335
f 1203/2375 1204/2376 1184/2337
f 1184/2337 1204/2376 1186/2338
f 1204/2377 1205/2378 1186/2341
f 1186/2341 1205/2378 1188/2342
f 1205/2379 1206/2380 1188/2345
f 1188/2345 1206/2380 1190/2346
f 1206/2381 1207/2382 1190/2349
f 1190/2349 1207/2382 1192/2350
f 1207/2383 1208/2384 1192/2353
f 1192/2353 1208/2384 1194/2354
f 1208/2385 1209/2386 1194/2357
f 1194/2357 1209/2386 1196/2358
f 1209/2387 1210/2388 1196/2361
f 1196/2361 1210/2388 1198/2362
f 1210/2389 1211/2390 1198/2365
f 1198/2365 1211/2390 1200/2366
f 1211/2391 1212/2392 1200/2369
f 1200/2369 1212/2392 1202/2370
f 1202/2373 1212/2393 1203/2374
f 1212/2393 1213/2394 1203/2374
f 1213/2394 1214/2395 1203/2375
f 1203/2375 1214/2395 1204/2376
f 1214/2395 1215/2396 1204/2377
f 1204/2377 1215/2396 1205/2378
f 1215/2396 1216/2397 1205/2379
f 1205/2379 1216/2397 1206/2380
f 1216/2398 1217/2399 1206/2381
f 1206/2381 1217/2399 1207/2382
f 1217/2399 1218/2400 1207/2383
f 1207/2383 1218/2400 1208/2384
f 1218/2400 1219/2401 1208/2385
f 1208/2385 1219/2401 1209/2386
f 1219/2401 1220/2402 1209/2387
f 1209/2387 1220/2402 1210/2388
f 1220/2402 1221/2403 1210/2389
f 1210/2389 1221/2403 1211/2390
f 1221/2403 1222/2404 1211/2391
f 1211/2391 1222/2404 1212/2392
f 1212/2393 1222/2404 1213/2394
f 1222/2404 1223/2405 1213/2394
f 1213/2394 1223/2405 1214/2395
f 1214/2395 1223/2405 1215/2396
f 1215/2396 1223/2405 1216/2397
f 1216/2398 1223/2405 1217/2399
f 1217/2399 1223/2405 1218/2400
f 1218/2400 1223/2405 1219/2401
f 1219/2401 1223/2405 1220/2402
f 1220/2402 1223/2405 1221/2403
f 1223/2405 1222/2404 1221/2403
f 1224/2406 1225/2407 1226/2408
f 1225/2407 1227/2409 1226/2410
f 1226/2410 1227/2409 1228/2411
f 1227/2409 1229/2412 1228/2413
f 1228/2413 1229/2412 1230/2414
f 1230/2415 1229/2412 1231/2416
f 1229/2412 1232/2417 1231/2416
f 1231/2418 1232/2417 1233/2419
f 1232/2417 1234/2420 1233/2419
f 1233/2421 1234/2420 1235/2422
f 1234/2420 1236/2423 1235/2422
f 1235/2424 1236/2423 1237/2425
f 1236/2423 1238/2426 1237/2425
f 1237/2427 1238/2426 1239/2428
f 1238/2426 1240/2429 1239/2428
f 1239/2430 1240/2429 1241/2431
f 1240/2429 1242/2432 1241/2431
f 1242/2433 1243/2434 1241/2435
f 1241/2435 1243/2434 1224/2436
f 1224/2406 1243/2434 1225/2407
f 1243/2434 1244/2437 1225/2407
f 1225/2407 1244/2437 1227/2409
f 1227/2409 1244/2437 1229/2412
f 1229/2412 1244/2437 1232/2417
f 1232/2417 1244/2437 1234/2420
f 1234/2420 1244/2437 1236/2423
f 1236/2423 1244/2437 1238/2426
f 1238/2426 1244/2437 1240/2429
f 1240/2429 1244/2437 1242/2432
f 1244/2437 1243/2434 1242/2433
f 1199/2438 1201/2439 1245/2440
f 1245/2440 1201/2439 1246/2441
f 1201/2442 1183/2443 1246/2444
f 1246/2444 1183/2443 1247/2445
f 1183/2446 1185/2447 1247/2448
f 1247/2448 1185/2447 1248/2449
f 1185/2450 1187/2451 1248/2452
f 1248/2452 1187/2451 1249/2453
f 1187/2454 1189/2455 1249/2456
f 1249/2456 1189/2455 1250/2457
f 1189/2458 1191/2459 1250/2460
f 1250/2460 1191/2459 1251/2461
f 1191/2462 1193/2463 1251/2464
f 1251/2464 1193/2463 1252/2465
f 1193/2466 1195/2467 1252/2468
f 1252/2468 1195/2467 1253/2469
f 1195/2470 1197/2471 1253/2472
f 1253/2472 1197/2471 1254/2473
f 1197/2474 1199/2475 1254/2476
f 1199/2475 1245/2477 1254/2476
f 1254/2476 1245/2477 1255/2478
f 1255/2478 1245/2477 1256/2479
f 1245/2440 1246/2441 1256/2480
f 1256/2480 1246/2441 1257/2481
f 1246/2444 1247/2445 1257/2482
f 1257/2482 1247/2445 1258/2483
f 1247/2448 1248/2449 1258/2484
f 1258/2484 1248/2449 1259/2485
f 1248/2452 1249/2453 1259/2486
f 1259/2486 1249/2453 1260/2487
f 1249/2456 1250/2457 1260/2488
f 1260/2488 1250/2457 1261/2489
f 1250/2460 1251/2461 1261/2490
f 1261/2490 1251/2461 1262/2491
f 1251/2464 1252/2465 1262/2492
f 1262/2492 1252/2465 1263/2493
f 1252/2468 1253/2469 1263/2494
f 1263/2494 1253/2469 1264/2495
f 1253/2472 1254/2473 1264/2496
f 1254/2473 1255/2497 1264/2496
f 1264/2496 1255/2497 1235/2422
f 1235/2422 1255/2497 1233/2421
f 1255/2478 1256/2479 1233/2419
f 1233/2419 1256/2479 1231/2418
f 1256/2480 1257/2481 1231/2416
f 1231/2416 1257/2481 1230/2415
f 1257/2482 1258/2483 1230/2414
f 1230/2414 1258/2483 1228/2413
f 1258/2484 1259/2485 1228/2411
f 1228/2411 1259/2485 1226/2410
f 1259/2486 1260/2487 1226/2408
f 1226/2408 1260/2487 1224/2406
f 1260/2488 1261/2489 1224/2436
f 1224/2436 1261/2489 1241/2435
f 1261/2490 1262/2491 1241/2431
f 1241/2431 1262/2491 1239/2430
f 1262/2492 1263/2493 1239/2428
f 1239/2428 1263/2493 1237/2427
f 1263/2494 1264/2495 1237/2425
f 1237/2425 1264/2495 1235/2424
f 1265/2498 811/1475 1266/2499
f 811/1475 810/1474 1266/2499
f 1266/2500 810/1473 1267/2501
f 810/1473 809/1471 1267/2501
f 1267/2502 809/1709 1268/2503
f 809/1709 808/1467 1268/2503
f 1268/2504 808/1467 1269/2505
f 808/1467 807/1466 1269/2505
f 1269/2506 807/1463 1270/2507
f 807/1463 804/1454 1270/2507
f 1270/2507 804/1454 1271/2508
f 804/1454 805/1455 1271/2508
f 1271/2509 805/1458 1272/2510
f 805/1458 806/1459 1272/2510
f 1272/2511 806/1459 1273/2512
f 806/1459 813/1482 1273/2512
f 1273/2513 813/1482 1274/2514
f 813/1482 812/1479 1274/2514
f 1274/2515 812/1479 1265/2516
f 812/1479 811/1475 1265/2516
f 1275/2517 1276/2518 1277/2519
f 1276/2518 1278/2520 1277/2519
f 1277/2519 1278/2520 1279/2521
f 1278/2520 1280/2522 1279/2521
f 1279/2521 1280/2522 1281/2523
f 1280/2522 1282/2524 1281/2523
f 1281/2523 1282/2524 1283/2525
f 1282/2524 1284/2526 1283/2525
f 1283/2525 1284/2526 1285/2527
f 1284/2526 1286/2528 1285/2527
f 1285/2527 1286/2528 1287/2529
f 1286/2528 1288/2530 1287/2529
f 1287/2529 1288/2530 1289/2531
f 1288/2530 1290/2532 1289/2531
f 1289/2531 1290/2532 1291/2533
f 1290/2532 1292/2534 1291/2533
f 1291/2533 1292/2534 1293/2535
f 1292/2534 1294/2536 1293/2535
f 1293/2535 1294/2536 1275/2537
f 1275/2537 1294/2536 1276/2538
f 1294/2539 1295/2540 1276/2541
f 1276/2541 1295/2540 1278/2542
f 1278/2542 1295/2540 1280/2522
f 1280/2522 1295/2540 1282/2524
f 1282/2524 1295/2540 1284/2543
f 1284/2543 1295/2540 1286/2544
f 1286/2544 1295/2540 1288/2545
f 1288/2545 1295/2540 1290/2546
f 1290/2546 1295/2540 1292/2547
f 1295/2540 1294/2539 1292/2548
f 1275/2549 1277/2550 1266/2499
f 1266/2499 1277/2550 1265/2498
f 1265/2516 1277/2551 1274/2515
f 1277/2551 1279/2552 1274/2515
f 1274/2553 1279/2554 1273/2555
f 1279/2554 1281/2556 1273/2555
f 1273/2555 1281/2556 1272/2557
f 1281/2556 1283/2558 1272/2557
f 1272/2557 1283/2558 1271/2559
f 1283/2558 1285/2527 1271/2559
f 1271/2559 1285/2527 1270/2560
f 1285/2527 1287/2529 1270/2560
f 1270/2561 1287/2529 1269/2562
f 1287/2529 1289/2531 1269/2562
f 1269/2562 1289/2531 1268/2563
f 1289/2531 1291/2564 1268/2563
f 1291/2564 1293/2565 1268/2563
f 1268/2563 1293/2565 1267/2566
f 1293/2565 1275/2567 1267/2566
f 1267/2566 1275/2567 1266/2568
f 244/363 263/361 1296/2569
f 1296/2570 263/361 1297/2571
f 263/361 261/359 1297/2571
f 1297/2572 261/359 1298/2573
f 261/359 259/357 1298/2573
f 1298/2574 259/357 1299/2575
f 259/357 257/355 1299/2575
f 257/355 254/352 1299/2576
f 1299/2576 254/352 1300/2577
f 254/352 252/350 1300/2578
f 1300/2578 252/350 1301/2579
f 252/350 250/348 1301/2580
f 1301/2580 250/348 1302/2581
f 250/348 248/346 1302/2582
f 1302/2582 248/346 1303/2583
f 248/346 245/343 1303/2584
f 1303/2584 245/343 1304/2585
f 1304/2586 245/343 1305/2587
f 245/343 244/342 1305/2587
f 244/363 1296/2569 1305/2588
f 1305/2588 1296/2569 1306/2589
f 1306/2590 1296/2570 1307/2591
f 1296/2570 1297/2571 1307/2591
f 1307/2592 1297/2572 1308/2593
f 1297/2572 1298/2573 1308/2593
f 1308/2594 1298/2574 1309/2595
f 1298/2574 1299/2575 1309/2595
f 1299/2576 1300/2577 1309/2596
f 1309/2596 1300/2577 1310/2597
f 1300/2578 1301/2579 1310/2598
f 1310/2598 1301/2579 1311/2599
f 1301/2580 1302/2581 1311/2600
f 1311/2600 1302/2581 1312/2601
f 1302/2582 1303/2583 1312/2602
f 1312/2602 1303/2583 1313/2603
f 1303/2584 1304/2585 1313/2604
f 1313/2604 1304/2585 1314/2605
f 1314/2606 1304/2586 1315/2607
f 1304/2586 1305/2587 1315/2607
f 1305/2588 1306/2589 1315/2608
f 1315/2608 1306/2589 1316/2609
f 1316/2610 1306/2590 1317/2611
f 1306/2590 1307/2591 1317/2611
f 1317/2612 1307/2592 1318/2613
f 1307/2592 1308/2593 1318/2613
f 1318/2614 1308/2594 1319/2615
f 1308/2594 1309/2595 1319/2615
f 1309/2596 1310/2597 1319/2616
f 1319/2616 1310/2597 1320/2617
f 1310/2598 1311/2599 1320/2618
f 1320/2618 1311/2599 1321/2619
f 1311/2600 1312/2601 1321/2620
f 1321/2620 1312/2601 1322/2621
f 1312/2602 1313/2603 1322/2622
f 1322/2622 1313/2603 1323/2623
f 1313/2604 1314/2605 1323/2624
f 1323/2624 1314/2605 1324/2625
f 1324/2626 1314/2606 1325/2627
f 1314/2606 1315/2607 1325/2627
f 1315/2608 1316/2609 1325/2628
f 1325/2629 1316/2630 1326/2631
f 1316/2630 1317/2632 1326/2631
f 1317/2632 1318/2633 1326/2631
f 1318/2633 1319/2616 1326/2631
f 1319/2616 1320/2617 1326/2631
f 1320/2617 1321/2634 1326/2631
f 1321/2634 1322/2635 1326/2631
f 1322/2635 1323/2636 1326/2631
f 1323/2636 1324/2637 1326/2631
f 1326/2631 1324/2637 1325/2638
f 829/1507 827/2639 1327/2640
f 1327/2640 827/2639 1328/2641
f 827/1503 824/1501 1328/2642
f 824/1501 1329/2643 1328/2642
f 1328/2642 1329/2643 1327/2640
f 1327/2640 1329/2643 1330/2644
f 1329/2645 824/2646 1330/2647
f 824/2646 822/2648 1330/2647
f 1330/2647 822/2648 1331/2649
f 822/2648 821/1495 1331/2649
f 1331/2649 821/1495 1332/2650
f 821/1495 819/1493 1332/2650
f 1332/2650 819/1493 1333/2651
f 819/1493 817/2652 1333/2651
f 1333/2653 817/1489 1334/2654
f 817/1489 815/1487 1334/2654
f 1334/2655 815/2656 1335/2657
f 815/2656 833/2658 1335/2657
f 833/2658 831/1509 1335/2657
f 1335/2657 831/1509 1336/2659
f 831/1509 829/1507 1336/2659
f 829/1507 1327/2640 1336/2659
f 1336/2659 1327/2640 1331/2649
f 1327/2640 1330/2644 1331/2649
f 1333/2653 1334/2654 1332/2650
f 1334/2654 1335/2660 1332/2650
f 1335/2660 1336/2659 1332/2650
f 1332/2650 1336/2659 1331/2649
f 1009/1961 1008/1960 1337/2661
f 1008/1979 1017/1978 1337/2662
f 1337/2662 1017/1978 1338/2663
f 1017/1977 1016/1976 1338/2664
f 1338/2664 1016/1976 1339/2665
f 1339/2666 1016/1975 1340/2667
f 1016/1975 1015/1974 1340/2667
f 1340/2668 1015/1973 1341/2669
f 1015/1973 1014/1972 1341/2669
f 1014/1971 1013/1970 1341/2670
f 1341/2670 1013/1970 1342/2671
f 1013/1969 1012/1968 1342/2672
f 1342/2672 1012/1968 1343/2673
f 1343/2674 1012/1967 1344/2675
f 1012/1967 1011/1966 1344/2675
f 1344/2676 1011/1965 1345/2677
f 1011/1965 1010/1964 1345/2677
f 1010/1963 1009/1962 1345/2678
f 1345/2678 1009/1962 1346/2679
f 1009/1961 1337/2661 1346/2680
f 1346/2681 1337/2682 1347/2683
f 1337/2684 1338/2685 1347/2686
f 1347/2686 1338/2685 1348/2687
f 1338/2688 1339/2689 1348/2690
f 1348/2690 1339/2689 1349/2691
f 1339/2692 1340/2693 1349/2694
f 1349/2694 1340/2693 1350/2695
f 1350/2696 1340/2697 1351/2698
f 1340/2697 1341/2699 1351/2698
f 1351/2700 1341/2701 1352/2702
f 1341/2701 1342/2703 1352/2702
f 1352/2704 1342/2705 1353/2706
f 1342/2705 1343/2707 1353/2706
f 1353/2708 1343/2709 1354/2710
f 1343/2709 1344/2711 1354/2710
f 1354/2712 1344/2713 1355/2714
f 1344/2713 1345/2715 1355/2714
f 1355/2716 1345/2717 1356/2718
f 1345/2717 1346/2719 1356/2718
f 1346/2681 1347/2683 1356/2720
f 1356/2720 1347/2683 1054/2059
f 1054/2059 1347/2683 1053/2058
f 1053/2057 1347/2686 1052/2056
f 1347/2686 1348/2687 1052/2056
f 1348/2690 1349/2691 1052/2055
f 1052/2055 1349/2691 1051/2054
f 1349/2694 1350/2695 1051/2053
f 1051/2053 1350/2695 1050/2052
f 1050/2051 1350/2696 1049/2050
f 1350/2696 1351/2698 1049/2050
f 1351/2700 1352/2702 1049/2069
f 1049/2069 1352/2702 1058/2068
f 1058/2067 1352/2704 1057/2066
f 1352/2704 1353/2706 1057/2066
f 1057/2065 1353/2708 1056/2064
f 1353/2708 1354/2710 1056/2064
f 1056/2063 1354/2712 1055/2062
f 1354/2712 1355/2714 1055/2062
f 1055/2061 1355/2716 1054/2060
f 1355/2716 1356/2718 1054/2060
